time,state,cwnd,ssthresh,bytes_in_flight,rtt,dup_acks
0.006,SLOW_START,1180,75520,1180,0.500,0
0.013,SLOW_START,1180,75520,1180,0.500,0
0.022,SLOW_START,1180,75520,1180,0.500,0
0.030,SLOW_START,1180,75520,1180,0.500,0
0.039,SLOW_START,1180,75520,1180,0.500,0
0.045,SLOW_START,2360,75520,0,0.443,0
0.054,SLOW_START,2360,75520,2360,0.443,0
0.063,SLOW_START,2360,75520,2360,0.443,0
0.071,SLOW_START,2360,75520,2360,0.443,0
0.079,SLOW_START,2360,75520,2360,0.443,0
0.087,SLOW_START,2360,75520,2360,0.443,0
0.094,SLOW_START,4720,75520,4720,0.393,0
0.100,SLOW_START,4720,75520,4720,0.393,0
0.108,SLOW_START,4720,75520,4720,0.393,0
0.115,SLOW_START,4720,75520,4720,0.393,0
0.125,SLOW_START,4720,75520,4720,0.393,0
0.141,SLOW_START,8260,75520,8260,0.349,0
0.154,SLOW_START,8260,75520,8260,0.349,0
0.162,SLOW_START,8260,75520,8260,0.349,0
0.169,SLOW_START,8260,75520,8260,0.349,0
0.178,SLOW_START,8260,75520,8260,0.349,0
0.185,SLOW_START,12980,75520,12980,0.311,0
0.192,SLOW_START,12980,75520,12980,0.311,0
0.199,SLOW_START,12980,75520,12980,0.311,0
0.204,SLOW_START,12980,75520,12980,0.311,0
0.210,SLOW_START,12980,75520,12980,0.311,0
0.217,SLOW_START,12980,75520,12980,0.311,0
0.224,SLOW_START,12980,75520,12980,0.311,0
0.230,SLOW_START,25960,75520,25960,0.248,0
0.238,SLOW_START,25960,75520,25960,0.248,0
0.247,SLOW_START,25960,75520,25960,0.248,0
0.257,SLOW_START,25960,75520,25960,0.248,0
0.264,SLOW_START,25960,75520,25960,0.248,0
0.276,SLOW_START,25960,75520,25960,0.248,0
0.285,SLOW_START,43660,75520,43660,0.202,0
0.291,SLOW_START,43660,75520,43660,0.202,0
0.299,SLOW_START,43660,75520,43660,0.202,0
0.305,SLOW_START,43660,75520,43660,0.202,0
0.311,SLOW_START,43660,75520,43660,0.202,0
0.321,SLOW_START,43660,75520,43660,0.202,0
0.332,CONGESTION_AVOIDANCE,79060,75520,79060,0.152,0
0.342,CONGESTION_AVOIDANCE,79060,75520,79060,0.152,0
0.351,CONGESTION_AVOIDANCE,79060,75520,79060,0.152,0
0.358,CONGESTION_AVOIDANCE,79060,75520,79060,0.152,0
0.364,CONGESTION_AVOIDANCE,79060,75520,79060,0.152,0
0.370,CONGESTION_AVOIDANCE,79060,75520,79060,0.152,0
0.377,CONGESTION_AVOIDANCE,79060,75520,79060,0.152,0
0.385,CONGESTION_AVOIDANCE,79745,75520,47200,0.119,0
0.392,CONGESTION_AVOIDANCE,80007,75520,79060,0.112,0
0.399,CONGESTION_AVOIDANCE,80007,75520,79060,0.112,0
0.405,CONGESTION_AVOIDANCE,80007,75520,79060,0.112,0
0.411,CONGESTION_AVOIDANCE,80007,75520,79060,0.112,0
0.419,CONGESTION_AVOIDANCE,80007,75520,79060,0.112,0
0.428,CONGESTION_AVOIDANCE,80285,75520,80240,0.103,0
0.440,CONGESTION_AVOIDANCE,80891,75520,80240,0.089,0
0.446,CONGESTION_AVOIDANCE,80891,75520,80240,0.089,0
0.452,CONGESTION_AVOIDANCE,80891,75520,80240,0.089,0
0.459,CONGESTION_AVOIDANCE,80891,75520,80240,0.089,0
0.467,CONGESTION_AVOIDANCE,80891,75520,80240,0.089,0
0.474,CONGESTION_AVOIDANCE,81218,75520,80240,0.084,0
0.481,CONGESTION_AVOIDANCE,81920,75520,81420,0.075,0
0.493,CONGESTION_AVOIDANCE,81920,75520,81420,0.075,0
0.500,CONGESTION_AVOIDANCE,81920,75520,81420,0.075,0
0.509,CONGESTION_AVOIDANCE,81920,75520,81420,0.075,0
0.515,CONGESTION_AVOIDANCE,81920,75520,81420,0.075,0
0.522,CONGESTION_AVOIDANCE,82294,75520,55460,0.072,0
0.530,CONGESTION_AVOIDANCE,83087,75520,54280,0.066,0
0.538,CONGESTION_AVOIDANCE,83087,75520,82600,0.066,0
0.545,CONGESTION_AVOIDANCE,83087,75520,82600,0.066,0
0.551,CONGESTION_AVOIDANCE,83087,75520,82600,0.066,0
0.557,CONGESTION_AVOIDANCE,83087,75520,82600,0.066,0
0.564,CONGESTION_AVOIDANCE,83087,75520,82600,0.066,0
0.571,CONGESTION_AVOIDANCE,83506,75520,53100,0.063,0
0.582,CONGESTION_AVOIDANCE,83939,75520,83780,0.061,0
0.590,CONGESTION_AVOIDANCE,83939,75520,83780,0.061,0
0.598,CONGESTION_AVOIDANCE,83939,75520,83780,0.061,0
0.605,CONGESTION_AVOIDANCE,83939,75520,83780,0.061,0
0.621,CONGESTION_AVOIDANCE,84849,75520,50740,0.057,0
0.632,CONGESTION_AVOIDANCE,84849,75520,83780,0.057,0
0.639,CONGESTION_AVOIDANCE,84849,75520,83780,0.057,0
0.646,CONGESTION_AVOIDANCE,84849,75520,83780,0.057,0
0.652,CONGESTION_AVOIDANCE,84849,75520,83780,0.057,0
0.658,CONGESTION_AVOIDANCE,84849,75520,83780,0.057,0
0.667,CONGESTION_AVOIDANCE,85325,75520,49560,0.056,0
0.676,CONGESTION_AVOIDANCE,85815,75520,84960,0.055,0
0.681,CONGESTION_AVOIDANCE,85815,75520,84960,0.055,0
0.687,CONGESTION_AVOIDANCE,85815,75520,84960,0.055,0
0.693,CONGESTION_AVOIDANCE,85815,75520,84960,0.055,0
0.705,CONGESTION_AVOIDANCE,85815,75520,84960,0.055,0
0.714,CONGESTION_AVOIDANCE,85815,75520,84960,0.055,0
0.727,CONGESTION_AVOIDANCE,86785,75520,86140,0.054,0
0.734,CONGESTION_AVOIDANCE,86785,75520,86140,0.054,0
0.743,CONGESTION_AVOIDANCE,86785,75520,86140,0.054,0
0.749,CONGESTION_AVOIDANCE,86785,75520,86140,0.054,0
0.764,CONGESTION_AVOIDANCE,86785,75520,86140,0.054,0
0.771,CONGESTION_AVOIDANCE,86785,75520,86140,0.054,0
0.782,CONGESTION_AVOIDANCE,87745,75520,87320,0.053,0
0.789,CONGESTION_AVOIDANCE,87745,75520,87320,0.053,0
0.796,CONGESTION_AVOIDANCE,87745,75520,87320,0.053,0
0.806,CONGESTION_AVOIDANCE,87745,75520,87320,0.053,0
0.811,CONGESTION_AVOIDANCE,87745,75520,87320,0.053,0
0.818,CONGESTION_AVOIDANCE,87745,75520,87320,0.053,0
0.826,CONGESTION_AVOIDANCE,88695,75520,51920,0.052,0
0.835,CONGESTION_AVOIDANCE,88695,75520,88500,0.052,0
0.841,CONGESTION_AVOIDANCE,88695,75520,88500,0.052,0
0.847,CONGESTION_AVOIDANCE,88695,75520,88500,0.052,0
0.853,CONGESTION_AVOIDANCE,88695,75520,88500,0.052,0
0.861,CONGESTION_AVOIDANCE,88695,75520,88500,0.052,0
0.869,CONGESTION_AVOIDANCE,88695,75520,88500,0.052,0
0.876,CONGESTION_AVOIDANCE,89634,75520,88500,0.050,0
0.882,CONGESTION_AVOIDANCE,89634,75520,88500,0.050,0
0.889,CONGESTION_AVOIDANCE,89634,75520,88500,0.050,0
0.896,CONGESTION_AVOIDANCE,89634,75520,88500,0.050,0
0.904,CONGESTION_AVOIDANCE,89634,75520,88500,0.050,0
0.910,CONGESTION_AVOIDANCE,89634,75520,88500,0.050,0
0.917,CONGESTION_AVOIDANCE,90100,75520,89680,0.050,0
0.926,CONGESTION_AVOIDANCE,90564,75520,89680,0.049,0
0.933,CONGESTION_AVOIDANCE,90564,75520,89680,0.049,0
0.940,CONGESTION_AVOIDANCE,90564,75520,89680,0.049,0
0.946,CONGESTION_AVOIDANCE,90564,75520,89680,0.049,0
0.952,CONGESTION_AVOIDANCE,90564,75520,89680,0.049,0
0.959,CONGESTION_AVOIDANCE,91025,75520,54280,0.048,0
0.966,CONGESTION_AVOIDANCE,91484,75520,55460,0.048,0
0.973,CONGESTION_AVOIDANCE,91484,75520,90860,0.048,0
0.979,CONGESTION_AVOIDANCE,91484,75520,90860,0.048,0
0.984,CONGESTION_AVOIDANCE,91484,75520,90860,0.048,0
0.992,CONGESTION_AVOIDANCE,91484,75520,90860,0.048,0
1.022,CONGESTION_AVOIDANCE,91484,75520,90860,0.048,0
1.031,CONGESTION_AVOIDANCE,92395,75520,92040,0.050,0
1.038,CONGESTION_AVOIDANCE,92395,75520,92040,0.050,0
1.045,CONGESTION_AVOIDANCE,92395,75520,92040,0.050,0
1.055,CONGESTION_AVOIDANCE,92395,75520,92040,0.050,0
1.064,CONGESTION_AVOIDANCE,92395,75520,92040,0.050,0
1.071,CONGESTION_AVOIDANCE,92395,75520,92040,0.050,0
1.081,CONGESTION_AVOIDANCE,93297,75520,93220,0.050,0
1.088,CONGESTION_AVOIDANCE,93297,75520,93220,0.050,0
1.096,CONGESTION_AVOIDANCE,93297,75520,93220,0.050,0
1.106,CONGESTION_AVOIDANCE,93297,75520,93220,0.050,0
1.119,CONGESTION_AVOIDANCE,93297,75520,93220,0.050,0
1.127,CONGESTION_AVOIDANCE,93745,75520,93220,0.050,0
1.133,CONGESTION_AVOIDANCE,94190,75520,93220,0.050,0
1.142,CONGESTION_AVOIDANCE,94190,75520,93220,0.050,0
1.150,CONGESTION_AVOIDANCE,94190,75520,93220,0.050,0
1.160,CONGESTION_AVOIDANCE,94190,75520,93220,0.050,0
1.168,CONGESTION_AVOIDANCE,94190,75520,93220,0.050,0
1.175,CONGESTION_AVOIDANCE,94634,75520,94400,0.050,0
1.183,CONGESTION_AVOIDANCE,94634,75520,94400,0.050,0
1.195,CONGESTION_AVOIDANCE,95075,75520,94400,0.050,0
1.204,CONGESTION_AVOIDANCE,95075,75520,94400,0.050,0
1.214,CONGESTION_AVOIDANCE,95075,75520,94400,0.050,0
1.220,CONGESTION_AVOIDANCE,95515,75520,59000,0.050,0
1.229,CONGESTION_AVOIDANCE,95515,75520,94400,0.050,0
1.236,CONGESTION_AVOIDANCE,95952,75520,95580,0.049,0
1.242,CONGESTION_AVOIDANCE,95952,75520,95580,0.049,0
1.249,CONGESTION_AVOIDANCE,95952,75520,95580,0.049,0
1.257,CONGESTION_AVOIDANCE,95952,75520,95580,0.049,0
1.265,CONGESTION_AVOIDANCE,96387,75520,60180,0.048,0
1.272,CONGESTION_AVOIDANCE,96387,75520,95580,0.048,0
1.273,CONGESTION_AVOIDANCE,96930,75520,96760,0.048,0
1.283,CONGESTION_AVOIDANCE,96930,75520,96760,0.048,0
1.293,CONGESTION_AVOIDANCE,97361,75520,96760,0.048,0
1.305,CONGESTION_AVOIDANCE,97790,75520,96760,0.048,0
1.312,CONGESTION_AVOIDANCE,97790,75520,96760,0.048,0
1.318,CONGESTION_AVOIDANCE,97790,75520,96760,0.048,0
1.327,CONGESTION_AVOIDANCE,97790,75520,96760,0.048,0
1.334,CONGESTION_AVOIDANCE,98218,75520,61360,0.047,0
1.344,CONGESTION_AVOIDANCE,98218,75520,97940,0.047,0
1.357,CONGESTION_AVOIDANCE,98910,75520,97940,0.047,0
1.369,CONGESTION_AVOIDANCE,98910,75520,97940,0.047,0
1.381,CONGESTION_AVOIDANCE,98910,75520,97940,0.047,0
1.394,CONGESTION_AVOIDANCE,99388,75520,99120,0.050,0
1.402,CONGESTION_AVOIDANCE,99542,75520,99120,0.049,0
1.408,CONGESTION_AVOIDANCE,99892,75520,99120,0.051,0
1.414,CONGESTION_AVOIDANCE,99892,75520,99120,0.051,0
1.421,CONGESTION_AVOIDANCE,99892,75520,99120,0.051,0
1.427,CONGESTION_AVOIDANCE,99892,75520,99120,0.051,0
1.434,CONGESTION_AVOIDANCE,100518,75520,62540,0.048,0
1.442,CONGESTION_AVOIDANCE,100518,75520,100300,0.048,0
1.449,CONGESTION_AVOIDANCE,100753,75520,100300,0.048,0
1.459,CONGESTION_AVOIDANCE,101002,75520,100300,0.047,0
1.468,CONGESTION_AVOIDANCE,101002,75520,100300,0.047,0
1.477,CONGESTION_AVOIDANCE,101264,75520,100300,0.046,0
1.488,CONGESTION_AVOIDANCE,101539,75520,101480,0.046,0
1.497,CONGESTION_AVOIDANCE,102128,75520,75520,0.046,0
1.508,CONGESTION_AVOIDANCE,102128,75520,101480,0.046,0
1.515,CONGESTION_AVOIDANCE,102128,75520,101480,0.046,0
1.523,CONGESTION_AVOIDANCE,102128,75520,101480,0.046,0
1.532,CONGESTION_AVOIDANCE,102441,75520,101480,0.046,0
1.548,CONGESTION_AVOIDANCE,103106,75520,102660,0.045,0
1.554,CONGESTION_AVOIDANCE,103106,75520,102660,0.045,0
1.562,CONGESTION_AVOIDANCE,103106,75520,102660,0.045,0
1.572,CONGESTION_AVOIDANCE,103106,75520,102660,0.045,0
1.579,CONGESTION_AVOIDANCE,103457,75520,102660,0.045,0
1.586,CONGESTION_AVOIDANCE,103457,75520,102660,0.045,0
1.595,CONGESTION_AVOIDANCE,104196,75520,103840,0.046,0
1.602,CONGESTION_AVOIDANCE,104196,75520,103840,0.046,0
1.608,CONGESTION_AVOIDANCE,104196,75520,103840,0.046,0
1.614,CONGESTION_AVOIDANCE,104196,75520,103840,0.046,0
1.623,CONGESTION_AVOIDANCE,104584,75520,103840,0.046,0
1.630,CONGESTION_AVOIDANCE,104584,75520,103840,0.046,0
1.639,CONGESTION_AVOIDANCE,104983,75520,103840,0.046,0
1.645,CONGESTION_AVOIDANCE,104983,75520,103840,0.046,0
1.656,CONGESTION_AVOIDANCE,104983,75520,103840,0.046,0
1.663,CONGESTION_AVOIDANCE,105381,75520,68440,0.045,0
1.675,CONGESTION_AVOIDANCE,105381,75520,105020,0.045,0
1.686,CONGESTION_AVOIDANCE,105777,75520,105020,0.045,0
1.694,CONGESTION_AVOIDANCE,105777,75520,105020,0.045,0
1.701,CONGESTION_AVOIDANCE,105777,75520,105020,0.045,0
1.707,CONGESTION_AVOIDANCE,105777,75520,105020,0.045,0
1.714,CONGESTION_AVOIDANCE,106172,75520,105020,0.045,0
1.720,CONGESTION_AVOIDANCE,106172,75520,105020,0.045,0
1.730,CONGESTION_AVOIDANCE,106566,75520,106200,0.045,0
1.735,CONGESTION_AVOIDANCE,106566,75520,106200,0.045,0
1.755,CONGESTION_AVOIDANCE,106566,75520,106200,0.045,0
1.776,CONGESTION_AVOIDANCE,106958,75520,106200,0.045,0
1.786,CONGESTION_AVOIDANCE,107737,75520,107380,0.047,0
1.793,CONGESTION_AVOIDANCE,107737,75520,107380,0.047,0
1.798,CONGESTION_AVOIDANCE,107737,75520,107380,0.047,0
1.804,CONGESTION_AVOIDANCE,107737,75520,107380,0.047,0
1.810,CONGESTION_AVOIDANCE,107737,75520,107380,0.047,0
1.816,CONGESTION_AVOIDANCE,108125,75520,107380,0.047,0
1.822,CONGESTION_AVOIDANCE,108125,75520,107380,0.047,0
1.832,CONGESTION_AVOIDANCE,108511,75520,107380,0.047,0
1.840,CONGESTION_AVOIDANCE,108896,75520,108560,0.047,0
1.847,CONGESTION_AVOIDANCE,108896,75520,108560,0.047,0
1.854,CONGESTION_AVOIDANCE,108896,75520,108560,0.047,0
1.861,CONGESTION_AVOIDANCE,109280,75520,73160,0.047,0
1.875,CONGESTION_AVOIDANCE,109280,75520,108560,0.047,0
1.882,CONGESTION_AVOIDANCE,109662,75520,108560,0.047,0
1.889,CONGESTION_AVOIDANCE,110043,75520,109740,0.048,0
1.895,CONGESTION_AVOIDANCE,110043,75520,109740,0.048,0
1.904,CONGESTION_AVOIDANCE,110043,75520,109740,0.048,0
1.911,CONGESTION_AVOIDANCE,110423,75520,74340,0.048,0
1.920,CONGESTION_AVOIDANCE,110423,75520,109740,0.048,0
1.927,CONGESTION_AVOIDANCE,110801,75520,74340,0.048,0
1.934,CONGESTION_AVOIDANCE,110801,75520,109740,0.048,0
1.942,CONGESTION_AVOIDANCE,111178,75520,110920,0.048,0
1.950,CONGESTION_AVOIDANCE,111178,75520,110920,0.048,0
1.958,CONGESTION_AVOIDANCE,111554,75520,75520,0.048,0
1.968,CONGESTION_AVOIDANCE,111554,75520,110920,0.048,0
1.974,CONGESTION_AVOIDANCE,111554,75520,110920,0.048,0
1.982,CONGESTION_AVOIDANCE,111928,75520,75520,0.048,0
1.989,CONGESTION_AVOIDANCE,111928,75520,110920,0.048,0
1.996,CONGESTION_AVOIDANCE,112301,75520,75520,0.050,0
2.002,CONGESTION_AVOIDANCE,112301,75520,112100,0.050,0
2.013,CONGESTION_AVOIDANCE,112673,75520,112100,0.049,0
2.022,CONGESTION_AVOIDANCE,112673,75520,112100,0.049,0
2.029,CONGESTION_AVOIDANCE,112673,75520,112100,0.049,0
2.040,CONGESTION_AVOIDANCE,113044,75520,112100,0.049,0
2.046,CONGESTION_AVOIDANCE,113044,75520,112100,0.049,0
2.054,CONGESTION_AVOIDANCE,113414,75520,113280,0.050,0
2.061,CONGESTION_AVOIDANCE,113782,75520,113280,0.049,0
2.068,CONGESTION_AVOIDANCE,113782,75520,113280,0.049,0
2.074,CONGESTION_AVOIDANCE,113782,75520,113280,0.049,0
2.079,CONGESTION_AVOIDANCE,113782,75520,113280,0.049,0
2.085,CONGESTION_AVOIDANCE,114149,75520,113280,0.048,0
2.091,CONGESTION_AVOIDANCE,114149,75520,113280,0.048,0
2.099,CONGESTION_AVOIDANCE,114515,75520,114460,0.048,0
2.106,CONGESTION_AVOIDANCE,114880,75520,114460,0.048,0
2.112,CONGESTION_AVOIDANCE,114880,75520,114460,0.048,0
2.119,CONGESTION_AVOIDANCE,114880,75520,114460,0.048,0
2.125,CONGESTION_AVOIDANCE,114880,75520,114460,0.048,0
2.131,CONGESTION_AVOIDANCE,115243,75520,114460,0.048,0
2.139,CONGESTION_AVOIDANCE,115243,75520,114460,0.048,0
2.147,CONGESTION_AVOIDANCE,115606,75520,114460,0.048,0
2.157,CONGESTION_AVOIDANCE,115967,75520,115640,0.047,0
2.166,CONGESTION_AVOIDANCE,115967,75520,115640,0.047,0
2.171,CONGESTION_AVOIDANCE,115967,75520,115640,0.047,0
2.178,CONGESTION_AVOIDANCE,116327,75520,80240,0.047,0
2.187,CONGESTION_AVOIDANCE,116327,75520,115640,0.047,0
2.198,CONGESTION_AVOIDANCE,117044,75520,116820,0.047,0
2.205,CONGESTION_AVOIDANCE,117044,75520,116820,0.047,0
2.210,CONGESTION_AVOIDANCE,117044,75520,116820,0.047,0
2.225,CONGESTION_AVOIDANCE,117044,75520,116820,0.047,0
2.236,CONGESTION_AVOIDANCE,117401,75520,116820,0.048,0
2.249,CONGESTION_AVOIDANCE,117401,75520,116820,0.048,0
2.257,CONGESTION_AVOIDANCE,117757,75520,81420,0.049,0
2.269,CONGESTION_AVOIDANCE,118112,75520,118000,0.051,0
2.276,CONGESTION_AVOIDANCE,118112,75520,118000,0.051,0
2.289,CONGESTION_AVOIDANCE,118466,75520,118000,0.051,0
2.296,CONGESTION_AVOIDANCE,118466,75520,118000,0.051,0
2.302,CONGESTION_AVOIDANCE,118466,75520,118000,0.051,0
2.312,CONGESTION_AVOIDANCE,118466,75520,118000,0.051,0
2.323,CONGESTION_AVOIDANCE,119170,75520,118000,0.051,0
2.329,CONGESTION_AVOIDANCE,119170,75520,118000,0.051,0
2.336,CONGESTION_AVOIDANCE,119520,75520,119180,0.050,0
2.342,CONGESTION_AVOIDANCE,119520,75520,119180,0.050,0
2.351,CONGESTION_AVOIDANCE,119520,75520,119180,0.050,0
2.360,CONGESTION_AVOIDANCE,119520,75520,119180,0.050,0
2.371,CONGESTION_AVOIDANCE,120218,75520,119180,0.050,0
2.380,CONGESTION_AVOIDANCE,120566,75520,83780,0.050,0
2.389,CONGESTION_AVOIDANCE,120566,75520,120360,0.050,0
2.398,CONGESTION_AVOIDANCE,120566,75520,120360,0.050,0
2.406,CONGESTION_AVOIDANCE,120566,75520,120360,0.050,0
2.413,CONGESTION_AVOIDANCE,120912,75520,120360,0.049,0
2.422,CONGESTION_AVOIDANCE,121258,75520,120360,0.049,0
2.429,CONGESTION_AVOIDANCE,121602,75520,84960,0.049,0
2.435,CONGESTION_AVOIDANCE,121602,75520,121540,0.049,0
2.445,CONGESTION_AVOIDANCE,121602,75520,121540,0.049,0
2.456,CONGESTION_AVOIDANCE,121602,75520,121540,0.049,0
2.472,CONGESTION_AVOIDANCE,122288,75520,121540,0.049,0
2.483,CONGESTION_AVOIDANCE,122630,75520,121540,0.049,0
2.491,CONGESTION_AVOIDANCE,122630,75520,121540,0.049,0
2.498,CONGESTION_AVOIDANCE,122630,75520,121540,0.049,0
2.505,CONGESTION_AVOIDANCE,122630,75520,1212.471,CONGEST2.513,CONGESTION_AVOIDANCE,122970,75520,122720,0.049,0
2.520,CONGESTION_AVOIDANCE,123310,75520,122720,0.048,0
2.532,CONGESTION_AVOIDANCE,123649,75520,122720,0.048,0
2.539,CONGESTION_AVOIDANCE,123649,75520,122720,0.048,0
2.545,CONGESTION_AVOIDANCE,123649,75520,122720,0.048,0
2.551,CONGESTION_AVOIDANCE,123649,75520,122720,0.048,0
2.558,CONGESTION_AVOIDANCE,123987,75520,123900,0.047,0
2.565,CONGESTION_AVOIDANCE,124324,75520,123900,0.047,0
2.572,CONGESTION_AVOIDANCE,124324,75520,123900,0.047,0
2.586,CONGESTION_AVOIDANCE,124660,75520,123900,0.047,0
2.592,CONGESTION_AVOIDANCE,124660,75520,123900,0.047,0
2.599,CONGESTION_AVOIDANCE,124660,75520,123900,0.047,0
2.609,CONGESTION_AVOIDANCE,125329,75520,125080,0.046,0
2.617,CONGESTION_AVOIDANCE,125329,75520,125080,0.046,0
2.625,CONGESTION_AVOIDANCE,125662,75520,125080,0.046,0
2.632,CONGESTION_AVOIDANCE,125662,75520,125080,0.046,0
2.640,CONGESTION_AVOIDANCE,125662,75520,125080,0.046,0
2.646,CONGESTION_AVOIDANCE,125662,75520,125080,0.046,0
2.653,CONGESTION_AVOIDANCE,125995,75520,89680,0.047,0
2.663,CONGESTION_AVOIDANCE,126480,75520,126260,0.049,0
2.669,CONGESTION_AVOIDANCE,126744,75520,126260,0.047,0
2.675,CONGESTION_AVOIDANCE,126744,75520,126260,0.047,0
2.682,CONGESTION_AVOIDANCE,126744,75520,126260,0.047,0
2.688,CONGESTION_AVOIDANCE,126744,75520,126260,0.047,0
2.693,CONGESTION_AVOIDANCE,126744,75520,126260,0.047,0
2.701,CONGESTION_AVOIDANCE,126975,75520,126260,0.046,0
2.709,CONGESTION_AVOIDANCE,127566,75520,92040,0.048,0
2.717,CONGESTION_AVOIDANCE,127741,75520,127440,0.047,0
2.723,CONGESTION_AVOIDANCE,127741,75520,127440,0.047,0
2.730,CONGESTION_AVOIDANCE,127741,75520,127440,0.047,0
2.736,CONGESTION_AVOIDANCE,127741,75520,127440,0.047,0
2.742,CONGESTION_AVOIDANCE,127926,75520,107380,0.047,0
2.752,CONGESTION_AVOIDANCE,128328,75520,127440,0.046,0
2.760,CONGESTION_AVOIDANCE,128773,75520,79060,0.047,0
2.768,CONGESTION_AVOIDANCE,128773,75520,128620,0.047,0
2.774,CONGESTION_AVOIDANCE,128773,75520,128620,0.047,0
2.779,CONGESTION_AVOIDANCE,128773,75520,128620,0.047,0
2.785,CONGESTION_AVOIDANCE,128773,75520,128620,0.047,0
2.796,CONGESTION_AVOIDANCE,129011,75520,128620,0.047,0
2.807,CONGESTION_AVOIDANCE,129517,75520,128620,0.047,0
2.818,CONGESTION_AVOIDANCE,129786,75520,128620,0.047,0
2.826,CONGESTION_AVOIDANCE,129786,75520,128620,0.047,0
2.832,CONGESTION_AVOIDANCE,129786,75520,128620,0.047,0
2.839,CONGESTION_AVOIDANCE,130065,75520,129800,0.046,0
2.846,CONGESTION_AVOIDANCE,130354,75520,97940,0.046,0
2.857,CONGESTION_AVOIDANCE,130653,75520,129800,0.047,0
2.865,CONGESTION_AVOIDANCE,130653,75520,129800,0.047,0
2.871,CONGESTION_AVOIDANCE,130653,75520,129800,0.047,0
2.879,CONGESTION_AVOIDANCE,130962,75520,129800,0.046,0
2.886,CONGESTION_AVOIDANCE,130962,75520,129800,0.046,0
2.906,CONGESTION_AVOIDANCE,131599,75520,130980,0.045,0
2.914,CONGESTION_AVOIDANCE,131599,75520,130980,0.045,0
2.919,CONGESTION_AVOIDANCE,131599,75520,130980,0.045,0
2.925,CONGESTION_AVOIDANCE,131599,75520,130980,0.045,0
2.933,CONGESTION_AVOIDANCE,131917,75520,130980,0.046,0
2.939,CONGESTION_AVOIDANCE,131917,75520,130980,0.046,0
2.949,CONGESTION_AVOIDANCE,132549,75520,132160,0.046,0
2.956,CONGESTION_AVOIDANCE,132549,75520,132160,0.046,0
2.962,CONGESTION_AVOIDANCE,132549,75520,132160,0.046,0
2.969,CONGESTION_AVOIDANCE,132549,75520,132160,0.046,0
2.977,CONGESTION_AVOIDANCE,132865,75520,132160,0.046,0
2.984,CONGESTION_AVOIDANCE,132865,75520,132160,0.046,0
2.992,CONGESTION_AVOIDANCE,133493,75520,133340,0.045,0
3.001,CONGESTION_AVOIDANCE,133493,75520,133340,0.045,0
3.008,CONGESTION_AVOIDANCE,133493,75520,133340,0.045,0
3.015,CONGESTION_AVOIDANCE,133493,75520,133340,0.045,0
3.022,CONGESTION_AVOIDANCE,133806,75520,133340,0.045,0
3.028,CONGESTION_AVOIDANCE,133806,75520,133340,0.045,0
3.035,CONGESTION_AVOIDANCE,134429,75520,97940,0.045,0
3.043,CONGESTION_AVOIDANCE,134429,75520,133340,0.045,0
3.049,CONGESTION_AVOIDANCE,134429,75520,133340,0.045,0
3.055,CONGESTION_AVOIDANCE,134429,75520,133340,0.045,0
3.064,CONGESTION_AVOIDANCE,134740,75520,97940,0.045,0
3.075,CONGESTION_AVOIDANCE,134740,75520,134520,0.045,0
3.084,CONGESTION_AVOIDANCE,135359,75520,134520,0.045,0
3.091,CONGESTION_AVOIDANCE,135359,75520,134520,0.045,0
3.098,CONGESTION_AVOIDANCE,135359,75520,134520,0.045,0
3.103,CONGESTION_AVOIDANCE,135359,75520,134520,0.045,0
3.110,CONGESTION_AVOIDANCE,135668,75520,99120,0.045,0
3.119,CONGESTION_AVOIDANCE,135668,75520,134520,0.045,0
3.125,CONGESTION_AVOIDANCE,135668,75520,134520,0.045,0
3.133,CONGESTION_AVOIDANCE,136283,75520,100300,0.046,0
3.149,CONGESTION_AVOIDANCE,136283,75520,135700,0.046,0
3.158,CONGESTION_AVOIDANCE,136589,75520,135700,0.046,0
3.165,CONGESTION_AVOIDANCE,136589,75520,135700,0.046,0
3.172,CONGESTION_AVOIDANCE,136589,75520,135700,0.046,0
3.183,CONGESTION_AVOIDANCE,136895,75520,136880,0.046,0
3.203,CONGESTION_AVOIDANCE,137505,75520,101480,0.048,0
3.212,CONGESTION_AVOIDANCE,137505,75520,136880,0.048,0
3.218,CONGESTION_AVOIDANCE,137505,75520,136880,0.048,0
3.225,CONGESTION_AVOIDANCE,137809,75520,101480,0.048,0
3.233,CONGESTION_AVOIDANCE,137809,75520,136880,0.048,0
3.241,CONGESTION_AVOIDANCE,137809,75520,136880,0.048,0
3.248,CONGESTION_AVOIDANCE,138112,75520,101480,0.048,0
3.256,CONGESTION_AVOIDANCE,138112,75520,138060,0.048,0
3.268,CONGESTION_AVOIDANCE,138716,75520,102660,0.048,0
3.277,CONGESTION_AVOIDANCE,138716,75520,138060,0.048,0
3.285,CONGESTION_AVOIDANCE,138716,75520,138060,0.048,0
3.291,CONGESTION_AVOIDANCE,138716,75520,138060,0.048,0
3.301,CONGESTION_AVOIDANCE,139017,75520,138060,0.048,0
3.307,CONGESTION_AVOIDANCE,139318,75520,139240,0.047,0
3.313,CONGESTION_AVOIDANCE,139318,75520,139240,0.047,0
3.322,CONGESTION_AVOIDANCE,139617,75520,139240,0.047,0
3.327,CONGESTION_AVOIDANCE,139617,75520,139240,0.047,0
3.334,CONGESTION_AVOIDANCE,139617,75520,139240,0.047,0
3.340,CONGESTION_AVOIDANCE,139617,75520,139240,0.047,0
3.348,CONGESTION_AVOIDANCE,139917,75520,139240,0.047,0
3.356,CONGESTION_AVOIDANCE,140215,75520,139240,0.047,0
3.363,CONGESTION_AVOIDANCE,140513,75520,140420,0.046,0
3.368,CONGESTION_AVOIDANCE,140513,75520,140420,0.046,0
3.374,CONGESTION_AVOIDANCE,140513,75520,140420,0.046,0
3.381,CONGESTION_AVOIDANCE,140513,75520,140420,0.046,0
3.390,CONGESTION_AVOIDANCE,140810,75520,140420,0.046,0
3.397,CONGESTION_AVOIDANCE,141107,75520,140420,0.045,0
3.402,CONGESTION_AVOIDANCE,141107,75520,140420,0.045,0
3.412,CONGESTION_AVOIDANCE,141403,75520,140420,0.045,0
3.419,CONGESTION_AVOIDANCE,141403,75520,140420,0.045,0
3.427,CONGESTION_AVOIDANCE,141403,75520,140420,0.045,0
3.438,CONGESTION_AVOIDANCE,141698,75520,141600,0.045,0
3.444,CONGESTION_AVOIDANCE,141993,75520,141600,0.045,0
3.451,CONGESTION_AVOIDANCE,141993,75520,141600,0.045,0
3.457,CONGESTION_AVOIDANCE,142287,75520,141600,0.045,0
3.465,CONGESTION_AVOIDANCE,142287,75520,141600,0.045,0
3.470,CONGESTION_AVOIDANCE,142287,75520,141600,0.045,0
3.484,CONGESTION_AVOIDANCE,142874,75520,142780,0.045,0
3.494,CONGESTION_AVOIDANCE,143166,75520,142780,0.045,0
3.500,CONGESTION_AVOIDANCE,143458,75520,107380,0.045,0
3.507,CONGESTION_AVOIDANCE,143458,75520,142780,0.045,0
3.513,CONGESTION_AVOIDANCE,143458,75520,142780,0.045,0
3.519,CONGESTION_AVOIDANCE,143749,75520,107380,0.045,0
3.528,CONGESTION_AVOIDANCE,144040,75520,143960,0.045,0
3.541,CONGESTION_AVOIDANCE,144330,75520,143960,0.045,0
3.553,CONGESTION_AVOIDANCE,144619,75520,143960,0.045,0
3.559,CONGESTION_AVOIDANCE,144619,75520,143960,0.045,0
3.565,CONGESTION_AVOIDANCE,144619,75520,143960,0.045,0
3.571,CONGESTION_AVOIDANCE,144619,75520,143960,0.045,0
3.577,CONGESTION_AVOIDANCE,144908,75520,108560,0.047,0
3.586,CONGESTION_AVOIDANCE,145196,75520,145140,0.048,0
3.597,CONGESTION_AVOIDANCE,145484,75520,145140,0.049,0
3.609,CONGESTION_AVOIDANCE,145771,75520,145140,0.049,0
3.615,CONGESTION_AVOIDANCE,145771,75520,145140,0.049,0
3.624,CONGESTION_AVOIDANCE,145771,75520,145140,0.049,0
3.636,CONGESTION_AVOIDANCE,146344,75520,146320,0.049,0
3.644,CONGESTION_AVOIDANCE,146629,75520,146320,0.049,0
3.651,CONGESTION_AVOIDANCE,146629,75520,146320,0.049,0
3.658,CONGESTION_AVOIDANCE,146629,75520,13.612,CONGESTION_AVOIDANCE,143965,75520,143960,0.047,0
3.621,CONGESTION_AVOIDANCE,143965,75520,143960,0.047,0
3.630,CONGESTION_AVOIDANCE,143965,75520,143960,0.047,0
3.639,CONGESTION_AVOIDANCE,143965,75520,143960,0.047,0
3.649,CONGESTION_AVOIDANCE,144255,75520,143960,0.047,0
3.661,CONGESTION_AVOIDANCE,144833,75520,143960,0.049,0
3.666,CONGESTION_AVOIDANCE,144833,75520,143960,0.049,0
3.675,CONGESTION_AVOIDANCE,145122,75520,143960,0.051,0
3.681,CONGESTION_AVOIDANCE,145122,75520,143960,0.051,0
3.687,CONGESTION_AVOIDANCE,145122,75520,143960,0.051,0
3.694,CONGESTION_AVOIDANCE,145410,75520,145140,0.050,0
3.718,CONGESTION_AVOIDANCE,145984,75520,145140,0.048,0
3.725,CONGESTION_AVOIDANCE,145984,75520,145140,0.048,0
3.734,CONGESTION_AVOIDANCE,145984,75520,145140,0.048,0
3.742,CONGESTION_AVOIDANCE,146555,75520,146320,0.050,0
3.748,CONGESTION_AVOIDANCE,146555,75520,146320,0.050,0
3.754,CONGESTION_AVOIDANCE,146555,75520,146320,0.050,0
3.767,CONGESTION_AVOIDANCE,147125,75520,110920,0.050,0
3.782,CONGESTION_AVOIDANCE,147125,75520,146320,0.050,0
3.803,CONGESTION_AVOIDANCE,147692,75520,147500,0.051,0
3.809,CONGESTION_AVOIDANCE,147692,75520,147500,0.051,0
3.816,CONGESTION_AVOIDANCE,147692,75520,147500,0.051,0
3.822,CONGESTION_AVOIDANCE,147692,75520,147500,0.051,0
3.829,CONGESTION_AVOIDANCE,147692,75520,147500,0.051,0
3.840,CONGESTION_AVOIDANCE,148229,75520,147500,0.063,0
3.847,CONGESTION_AVOIDANCE,148229,75520,147500,0.063,0
3.856,CONGESTION_AVOIDANCE,148510,75520,122720,0.060,0
3.863,CONGESTION_AVOIDANCE,148745,75520,148680,0.060,0
3.868,CONGESTION_AVOIDANCE,148745,75520,148680,0.060,0
3.874,CONGESTION_AVOIDANCE,148745,75520,148680,0.060,0
3.881,CONGESTION_AVOIDANCE,149165,75520,129800,0.055,0
3.889,CONGESTION_AVOIDANCE,149324,75520,148680,0.054,0
3.900,CONGESTION_AVOIDANCE,149324,75520,148680,0.054,0
3.910,CONGESTION_AVOIDANCE,149855,75520,148680,0.051,0
3.916,CONGESTION_AVOIDANCE,149855,75520,148680,0.051,0
3.922,CONGESTION_AVOIDANCE,149855,75520,148680,0.051,0
3.928,CONGESTION_AVOIDANCE,149855,75520,148680,0.051,0
3.941,CONGESTION_AVOIDANCE,150467,75520,122720,0.052,0
3.948,CONGESTION_AVOIDANCE,150467,75520,149860,0.052,0
3.954,CONGESTION_AVOIDANCE,150467,75520,149860,0.052,0
3.962,CONGESTION_AVOIDANCE,150920,75520,149860,0.051,0
3.968,CONGESTION_AVOIDANCE,150920,75520,149860,0.051,0
3.974,CONGESTION_AVOIDANCE,150920,75520,149860,0.051,0
3.985,CONGESTION_AVOIDANCE,151409,75520,151040,0.050,0
3.990,CONGESTION_AVOIDANCE,151409,75520,151040,0.050,0
3.997,CONGESTION_AVOIDANCE,151667,75520,118000,0.049,0
4.008,CONGESTION_AVOIDANCE,151933,75520,151040,0.048,0
4.017,CONGESTION_AVOIDANCE,151933,75520,151040,0.048,0
4.024,CONGESTION_AVOIDANCE,151933,75520,151040,0.048,0
4.035,CONGESTION_AVOIDANCE,152482,75520,152220,0.047,0
4.043,CONGESTION_AVOIDANCE,152482,75520,152220,0.047,0
4.054,CONGESTION_AVOIDANCE,152482,75520,152220,0.047,0
4.067,CONGESTION_AVOIDANCE,153030,75520,152220,0.049,0
4.074,CONGESTION_AVOIDANCE,153303,75520,152220,0.048,0
4.082,CONGESTION_AVOIDANCE,153575,75520,153400,0.048,0
4.088,CONGESTION_AVOIDANCE,153575,75520,153400,0.048,0
4.093,CONGESTION_AVOIDANCE,153575,75520,153400,0.048,0
4.102,CONGESTION_AVOIDANCE,153575,75520,153400,0.048,0
4.113,CONGESTION_AVOIDANCE,154119,75520,153400,0.049,0
4.124,CONGESTION_AVOIDANCE,154390,75520,153400,0.049,0
4.135,CONGESTION_AVOIDANCE,154660,75520,154580,0.049,0
4.144,CONGESTION_AVOIDANCE,154660,75520,154580,0.049,0
4.154,CONGESTION_AVOIDANCE,154660,75520,154580,0.049,0
4.161,CONGESTION_AVOIDANCE,154930,75520,154580,0.048,0
4.168,CONGESTION_AVOIDANCE,155469,75520,154580,0.048,0
4.177,CONGESTION_AVOIDANCE,155469,75520,154580,0.048,0
4.186,CONGESTION_AVOIDANCE,155738,75520,154580,0.048,0
4.195,CONGESTION_AVOIDANCE,155738,75520,154580,0.048,0
4.202,CONGESTION_AVOIDANCE,155738,75520,154580,0.048,0
4.211,CONGESTION_AVOIDANCE,156274,75520,155760,0.048,0
4.222,CONGESTION_AVOIDANCE,156541,75520,120360,0.048,0
4.228,CONGESTION_AVOIDANCE,156808,75520,120360,0.048,0
4.238,CONGESTION_AVOIDANCE,156808,75520,155760,0.048,0
4.244,CONGESTION_AVOIDANCE,156808,75520,155760,0.048,0
4.249,CONGESTION_AVOIDANCE,156808,75520,155760,0.048,0
4.261,CONGESTION_AVOIDANCE,157446,75520,156940,0.047,0
4.271,CONGESTION_AVOIDANCE,157490,75520,151040,0.047,0
4.281,CONGESTION_AVOIDANCE,157941,75520,156940,0.048,0
4.286,CONGESTION_AVOIDANCE,157941,75520,156940,0.048,0
4.293,CONGESTION_AVOIDANCE,157941,75520,156940,0.048,0
4.304,CONGESTION_AVOIDANCE,158284,75520,125080,0.048,0
4.312,CONGESTION_AVOIDANCE,158557,75520,139240,0.049,0
4.320,CONGESTION_AVOIDANCE,158557,75520,158120,0.049,0
4.334,CONGESTION_AVOIDANCE,159031,75520,158120,0.049,0
4.341,CONGESTION_AVOIDANCE,159031,75520,158120,0.049,0
4.349,CONGESTION_AVOIDANCE,159389,75520,133340,0.046,0
4.358,CONGESTION_AVOIDANCE,159651,75520,159300,0.045,0
4.367,CONGESTION_AVOIDANCE,159834,75520,134520,0.044,0
4.376,CONGESTION_AVOIDANCE,160078,75520,152220,0.043,0
4.384,CONGESTION_AVOIDANCE,160139,75520,159300,0.044,0
4.394,CONGESTION_AVOIDANCE,160573,75520,120360,0.044,0
4.407,CONGESTION_AVOIDANCE,160807,75520,160480,0.044,0
4.414,CONGESTION_AVOIDANCE,160937,75520,160480,0.044,0
4.420,CONGESTION_AVOIDANCE,161223,75520,140420,0.044,0
4.427,CONGESTION_AVOIDANCE,161223,75520,160480,0.044,0
4.440,CONGESTION_AVOIDANCE,161378,75520,139240,0.044,0
4.450,CONGESTION_AVOIDANCE,161895,75520,161660,0.044,0
4.456,CONGESTION_AVOIDANCE,162085,75520,135700,0.044,0
4.463,CONGESTION_AVOIDANCE,162085,75520,161660,0.044,0
4.469,CONGESTION_AVOIDANCE,162085,75520,161660,0.044,0
4.475,CONGESTION_AVOIDANCE,162085,75520,161660,0.044,0
4.482,CONGESTION_AVOIDANCE,162282,75520,161660,0.046,0
4.492,CONGESTION_AVOIDANCE,162848,75520,143960,0.045,0
4.509,CONGESTION_AVOIDANCE,163206,75520,162840,0.046,0
4.519,CONGESTION_AVOIDANCE,163206,75520,162840,0.046,0
4.532,CONGESTION_AVOIDANCE,163564,75520,145140,0.046,0
4.543,CONGESTION_AVOIDANCE,163701,75520,162840,0.047,0
4.551,CONGESTION_AVOIDANCE,164041,75520,156940,0.052,0
4.562,CONGESTION_AVOIDANCE,164219,75520,164020,0.054,0
4.569,CONGESTION_AVOIDANCE,164380,75520,164020,0.055,0
4.577,CONGESTION_AVOIDANCE,164685,75520,148680,0.051,0
4.586,CONGESTION_AVOIDANCE,164803,75520,164020,0.050,0
4.593,CONGESTION_AVOIDANCE,165065,75520,145140,0.048,0
4.607,CONGESTION_AVOIDANCE,165360,75520,165200,0.047,0
4.615,CONGESTION_AVOIDANCE,165520,75520,165200,0.047,0
4.623,CONGESTION_AVOIDANCE,165848,75520,165200,0.045,0
4.630,CONGESTION_AVOIDANCE,165974,75520,165200,0.045,0
4.638,CONGESTION_AVOIDANCE,166225,75520,140420,0.044,0
4.651,CONGESTION_AVOIDANCE,166435,75520,166380,0.044,0
4.659,CONGESTION_AVOIDANCE,166677,75520,148680,0.044,0
4.670,CONGESTION_AVOIDANCE,166953,75520,166380,0.044,0
4.679,CONGESTION_AVOIDANCE,167103,75520,166380,0.044,0
4.686,CONGESTION_AVOIDANCE,167261,75520,166380,0.044,0
4.693,CONGESTION_AVOIDANCE,167428,75520,166380,0.044,0
4.705,CONGESTION_AVOIDANCE,167785,75520,167560,0.044,0
4.710,CONGESTION_AVOIDANCE,167785,75520,167560,0.044,0
4.717,CONGESTION_AVOIDANCE,168175,75520,139240,0.044,0
4.725,CONGESTION_AVOIDANCE,168175,75520,167560,0.044,0
4.731,CONGESTION_AVOIDANCE,168382,75520,167560,0.044,0
4.741,CONGESTION_AVOIDANCE,168597,75520,167560,0.044,0
4.749,CONGESTION_AVOIDANCE,168597,75520,167560,0.044,0
4.756,CONGESTION_AVOIDANCE,168952,75520,168740,0.047,0
4.765,CONGESTION_AVOIDANCE,169298,75520,148680,0.046,0
4.774,CONGESTION_AVOIDANCE,169298,75520,168740,0.046,0
4.780,CONGESTION_AVOIDANCE,169569,75520,154580,0.047,0
4.794,CONGESTION_AVOIDANCE,169676,75520,168740,0.047,0
4.807,CONGESTION_AVOIDANCE,170045,75520,169920,0.047,0
4.818,CONGESTION_AVOIDANCE,170331,75520,169920,0.047,0
4.829,CONGESTION_AVOIDANCE,170331,75520,169920,0.047,0
4.840,CONGESTION_AVOIDANCE,170821,75520,169920,0.048,0
4.850,CONGESTION_AVOIDANCE,171000,75520,169920,0.048,0
4.859,CONGESTION_AVOIDANCE,171188,75520,171100,0.048,0
4.867,CONGESTION_AVOIDANCE,171383,75520,171100,0.048,0
4.873,CONGESTION_AVOIDANCE,171383,75520,171100,0.048,0
4.884,CONGESTION_AVOIDANCE,171797,75520,140420,0.049,0
4.892,CONGESTION_AVOIDANCE,172016,75520,139240,0.048,0
4.902,CONGESTION_AVOIDANCE,172242,75520,138060,0.048,0
4.913,CONGESTION_AVOIDANCE,172242,75520,171100,0.048,0
4.920,CONGESTION_AVOIDANCE,172477,75520,172280,0.048,0
4.926,CONGESTION_AVOIDANCE,172477,75520,172280,0.048,0
4.932,CONGESTION_AVOIDANCE,172719,75520,136880,0.048,0
4.941,CONGESTION_AVOIDANCE,172961,75520,172280,0.049,0
4.949,CONGESTION_AVOIDANCE,173202,75520,172280,0.048,0
4.959,CONGESTION_AVOIDANCE,173444,75520,136880,0.048,0
4.968,CONGESTION_AVOIDANCE,173444,75520,172280,0.048,0
4.975,CONGESTION_AVOIDANCE,173444,75520,172280,0.048,0
4.986,CONGESTION_AVOIDANCE,173925,75520,173460,0.046,0
4.993,CONGESTION_AVOIDANCE,174165,75520,138060,0.046,0
5.000,CONGESTION_AVOIDANCE,174165,75520,173460,0.046,0
5.011,CONGESTION_AVOIDANCE,174405,75520,173460,0.046,0
5.018,CONGESTION_AVOIDANCE,174405,75520,173460,0.046,0
5.025,CONGESTION_AVOIDANCE,174644,75520,174640,0.046,0
5.033,CONGESTION_AVOIDANCE,174884,75520,174640,0.045,0
5.047,CONGESTION_AVOIDANCE,175123,75520,174640,0.046,0
5.057,CONGESTION_AVOIDANCE,175361,75520,174640,0.046,0
5.065,CONGESTION_AVOIDANCE,175361,75520,174640,0.046,0
5.071,CONGESTION_AVOIDANCE,175361,75520,174640,0.046,0
5.079,CONGESTION_AVOIDANCE,175599,75520,174640,0.047,0
5.087,CONGESTION_AVOIDANCE,175837,75520,175820,0.048,0
5.097,CONGESTION_AVOIDANCE,176312,75520,175820,0.046,0
5.107,CONGESTION_AVOIDANCE,176312,75520,175820,0.046,0
5.114,CONGESTION_AVOIDANCE,176312,75520,175820,0.046,0
5.122,CONGESTION_AVOIDANCE,176549,75520,175820,0.046,0
5.132,CONGESTION_AVOIDANCE,176785,75520,175820,0.045,0
5.140,CONGESTION_AVOIDANCE,177022,75520,177000,0.046,0
5.147,CONGESTION_AVOIDANCE,177258,75520,177000,0.046,0
5.154,CONGESTION_AVOIDANCE,177258,75520,177000,0.046,0
5.160,CONGESTION_AVOIDANCE,177258,75520,177000,0.046,0
5.167,CONGESTION_AVOIDANCE,177493,75520,177000,0.046,0
5.176,CONGESTION_AVOIDANCE,177729,75520,177000,0.045,0
5.186,CONGESTION_AVOIDANCE,178198,75520,141600,0.045,0
5.197,CONGESTION_AVOIDANCE,178433,75520,178180,0.046,0
5.203,CONGESTION_AVOIDANCE,178433,75520,178180,0.046,0
5.210,CONGESTION_AVOIDANCE,178433,75520,178180,0.046,0
5.216,CONGESTION_AVOIDANCE,178667,75520,178180,0.046,0
5.224,CONGESTION_AVOIDANCE,178901,75520,178180,0.046,0
5.251,CONGESTION_AVOIDANCE,179538,75520,179360,0.045,0
5.257,CONGESTION_AVOIDANCE,179538,75520,179360,0.045,0
5.269,CONGESTION_AVOIDANCE,179926,75520,179360,0.045,0
5.277,CONGESTION_AVOIDANCE,180042,75520,179360,0.045,0
5.289,CONGESTION_AVOIDANCE,180436,75520,179360,0.047,0
5.298,CONGESTION_AVOIDANCE,180582,75520,180540,0.047,0
5.305,CONGESTION_AVOIDANCE,180737,75520,180540,0.046,0
5.315,CONGESTION_AVOIDANCE,181068,75520,180540,0.046,0
5.322,CONGESTION_AVOIDANCE,181245,75520,153400,0.046,0
5.332,CONGESTION_AVOIDANCE,181429,75520,180540,0.045,0
5.341,CONGESTION_AVOIDANCE,181621,75520,180540,0.045,0
5.348,CONGESTION_AVOIDANCE,181820,75520,181720,0.045,0
5.360,CONGESTION_AVOIDANCE,182027,75520,181720,0.045,0
5.370,CONGESTION_AVOIDANCE,182241,75520,181720,0.045,0
5.380,CONGESTION_AVOIDANCE,182463,75520,181720,0.045,0
5.388,CONGESTION_AVOIDANCE,182692,75520,181720,0.045,0
5.399,CONGESTION_AVOIDANCE,183149,75520,147500,0.045,0
5.409,CONGESTION_AVOIDANCE,183149,75520,182900,0.045,0
5.418,CONGESTION_AVOIDANCE,183377,75520,182900,0.045,0
5.427,CONGESTION_AVOIDANCE,183604,75520,182900,0.045,0
5.436,CONGESTION_AVOIDANCE,183832,75520,182900,0.045,0
5.446,CONGESTION_AVOIDANCE,184059,75520,182900,0.045,0
5.461,CONGESTION_AVOIDANCE,184513,75520,184080,0.045,0
5.470,CONGESTION_AVOIDANCE,184513,75520,184080,0.045,0
5.475,CONGESTION_AVOIDANCE,184513,75520,184080,0.045,0
5.486,CONGESTION_AVOIDANCE,184965,75520,184080,0.046,0
5.496,CONGESTION_AVOIDANCE,185191,75520,184080,0.046,0
5.509,CONGESTION_AVOIDANCE,185642,75520,185260,0.046,0
5.515,CONGESTION_AVOIDANCE,185642,75520,185260,0.046,0
5.521,CONGESTION_AVOIDANCE,185642,75520,185260,0.046,0
5.527,CONGESTION_AVOIDANCE,185642,75520,185260,0.046,0
5.533,CONGESTION_AVOIDANCE,185867,75520,185260,0.047,0
5.540,CONGESTION_AVOIDANCE,186092,75520,185260,0.048,0
5.547,CONGESTION_AVOIDANCE,186540,75520,149860,0.048,0
5.556,CONGESTION_AVOIDANCE,186764,75520,186440,0.048,0
5.562,CONGESTION_AVOIDANCE,186764,75520,186440,0.048,0
5.568,CONGESTION_AVOIDANCE,186764,75520,186440,0.048,0
5.575,CONGESTION_AVOIDANCE,186988,75520,151040,0.047,0
5.586,CONGESTION_AVOIDANCE,187211,75520,186440,0.047,0
5.597,CONGESTION_AVOIDANCE,187657,75520,151040,0.047,0
5.611,CONGESTION_AVOIDANCE,187880,75520,187620,0.047,0
5.621,CONGESTION_AVOIDANCE,187880,75520,187620,0.047,0
5.629,CONGESTION_AVOIDANCE,188102,75520,187620,0.047,0
5.639,CONGESTION_AVOIDANCE,188324,75520,187620,0.048,0
5.649,CONGESTION_AVOIDANCE,188546,75520,187620,0.048,0
5.660,CONGESTION_AVOIDANCE,188989,75520,188800,0.049,0
5.665,CONGESTION_AVOIDANCE,188989,75520,188800,0.049,0
5.672,CONGESTION_AVOIDANCE,188989,75520,188800,0.049,0
5.679,CONGESTION_AVOIDANCE,189210,75520,188800,0.049,0
5.689,CONGESTION_AVOIDANCE,189431,75520,188800,0.048,0
5.695,CONGESTION_AVOIDANCE,189651,75520,188800,0.048,0
5.701,CONGESTION_AVOIDANCE,189651,75520,188800,0.048,0
5.708,CONGESTION_AVOIDANCE,190092,75520,189980,0.048,0
5.714,CONGESTION_AVOIDANCE,190092,75520,189980,0.048,0
5.722,CONGESTION_AVOIDANCE,190311,75520,154580,0.048,0
5.733,CONGESTION_AVOIDANCE,190531,75520,189980,0.047,0
5.769,CONGESTION_AVOIDANCE,191188,75520,154580,0.051,0
5.781,CONGESTION_AVOIDANCE,191188,75520,191160,0.051,0
5.788,CONGESTION_AVOIDANCE,191188,75520,191160,0.051,0
5.794,CONGESTION_AVOIDANCE,191188,75520,191160,0.051,0
5.800,CONGESTION_AVOIDANCE,191188,75520,191160,0.051,0
5.808,CONGESTION_AVOIDANCE,191188,75520,191160,0.051,0
5.833,CONGESTION_AVOIDANCE,192060,75520,191160,0.060,0
5.840,CONGESTION_AVOIDANCE,192278,75520,155760,0.061,0
5.852,CONGESTION_AVOIDANCE,192278,75520,191160,0.061,0
5.863,CONGESTION_AVOIDANCE,192278,75520,191160,0.061,0
5.877,CONGESTION_AVOIDANCE,192929,75520,156940,0.057,0
5.888,CONGESTION_AVOIDANCE,193145,75520,192340,0.057,0
5.900,CONGESTION_AVOIDANCE,193362,75520,192340,0.056,0
5.912,CONGESTION_AVOIDANCE,193362,75520,192340,0.056,0
5.918,CONGESTION_AVOIDANCE,193362,75520,192340,0.056,0
5.931,CONGESTION_AVOIDANCE,193793,75520,193520,0.055,0
5.937,CONGESTION_AVOIDANCE,194009,75520,193520,0.055,0
5.944,CONGESTION_AVOIDANCE,194439,75520,193520,0.054,0
5.950,CONGESTION_AVOIDANCE,194439,75520,193520,0.054,0
5.956,CONGESTION_AVOIDANCE,194439,75520,193520,0.054,0
5.965,CONGESTION_AVOIDANCE,194439,75520,193520,0.054,0
5.978,CONGESTION_AVOIDANCE,195083,75520,159300,0.050,0
5.985,CONGESTION_AVOIDANCE,195297,75520,159300,0.050,0
5.999,CONGESTION_AVOIDANCE,195511,75520,194700,0.050,0
6.008,CONGESTION_AVOIDANCE,195511,75520,194700,0.050,0
6.019,CONGESTION_AVOIDANCE,195725,75520,159300,0.049,0
6.028,CONGESTION_AVOIDANCE,196151,75520,195880,0.048,0
6.034,CONGESTION_AVOIDANCE,196151,75520,195880,0.048,0
6.040,CONGESTION_AVOIDANCE,196364,75520,195880,0.048,0
6.050,CONGESTION_AVOIDANCE,196577,75520,195880,0.048,0
6.056,CONGESTION_AVOIDANCE,196577,75520,195880,0.048,0
6.062,CONGESTION_AVOIDANCE,196577,75520,195880,0.048,0
6.070,CONGESTION_AVOIDANCE,197002,75520,160480,0.048,0
6.085,CONGESTION_AVOIDANCE,197426,75520,197060,0.048,0
6.097,CONGESTION_AVOIDANCE,197637,75520,197060,0.048,0
6.103,CONGESTION_AVOIDANCE,197637,75520,197060,0.048,0
6.108,CONGESTION_AVOIDANCE,197637,75520,197060,0.048,0
6.118,CONGESTION_AVOIDANCE,197637,75520,197060,0.048,0
6.126,CONGESTION_AVOIDANCE,197849,75520,161660,0.049,0
6.134,CONGESTION_AVOIDANCE,198060,75520,197060,0.050,0
6.148,CONGESTION_AVOIDANCE,198692,75520,198240,0.052,0
6.154,CONGESTION_AVOIDANCE,198692,75520,198240,0.052,0
6.161,CONGESTION_AVOIDANCE,198692,75520,198240,0.052,0
6.166,CONGESTION_AVOIDANCE,198692,75520,198240,0.052,0
6.174,CONGESTION_AVOIDANCE,198902,75520,198240,0.051,0
6.186,CONGESTION_AVOIDANCE,199434,75520,177000,0.048,0
6.201,CONGESTION_AVOIDANCE,199782,75520,199420,0.046,0
6.208,CONGESTION_AVOIDANCE,199782,75520,199420,0.046,0
6.220,CONGESTION_AVOIDANCE,200075,75520,149860,0.046,0
6.228,CONGESTION_AVOIDANCE,200186,75520,6.029,CONGESTION6.238,CONGESTION_AVOIDANCE,200562,75520,199420,0.046,0
6.245,CONGESTION_AVOIDANCE,200846,75520,200600,0.047,0
6.253,CONGESTION_AVOIDANCE,200846,75520,200600,0.047,0
6.259,CONGESTION_AVOIDANCE,200846,75520,200600,0.047,0
6.271,CONGESTION_AVOIDANCE,201324,75520,145140,0.046,0
6.288,CONGESTION_AVOIDANCE,201863,75520,168740,0.045,0
6.295,CONGESTION_AVOIDANCE,201863,75520,201780,0.045,0
6.356,CONGESTION_AVOIDANCE,202256,75520,167560,0.052,0
6.365,CONGESTION_AVOIDANCE,202256,75520,201780,0.052,0
6.372,CONGESTION_AVOIDANCE,202256,75520,201780,0.052,0
6.381,CONGESTION_AVOIDANCE,202463,75520,201780,0.059,0
6.387,CONGESTION_AVOIDANCE,202463,75520,201780,0.059,0
6.394,CONGESTION_AVOIDANCE,202669,75520,201780,0.065,0
6.404,CONGESTION_AVOIDANCE,202875,75520,201780,0.071,0
6.412,CONGESTION_AVOIDANCE,203081,75520,166380,0.072,0
6.426,CONGESTION_AVOIDANCE,203492,75520,202960,0.066,0
6.434,CONGESTION_AVOIDANCE,203492,75520,202960,0.066,0
6.442,CONGESTION_AVOIDANCE,203697,75520,202960,0.064,0
6.449,CONGESTION_AVOIDANCE,203903,75520,202960,0.062,0
6.454,CONGESTION_AVOIDANCE,203903,75520,202960,0.062,0
6.462,CONGESTION_AVOIDANCE,204107,75520,202960,0.059,0
6.473,CONGESTION_AVOIDANCE,204516,75520,168740,0.057,0
6.486,CONGESTION_AVOIDANCE,204721,75520,168740,0.056,0
6.498,CONGESTION_AVOIDANCE,204925,75520,204140,0.054,0
6.505,CONGESTION_AVOIDANCE,204925,75520,204140,0.054,0
6.513,CONGESTION_AVOIDANCE,205129,75520,204140,0.054,0
6.519,CONGESTION_AVOIDANCE,205129,75520,204140,0.054,0
6.528,CONGESTION_AVOIDANCE,205536,75520,205320,0.053,0
6.534,CONGESTION_AVOIDANCE,205895,75520,205320,0.050,0
6.543,CONGESTION_AVOIDANCE,206077,75520,205320,0.047,0
6.549,CONGESTION_AVOIDANCE,206077,75520,205320,0.047,0
6.560,CONGESTION_AVOIDANCE,206259,75520,205320,0.046,0
6.569,CONGESTION_AVOIDANCE,206502,75520,189980,0.045,0
6.587,CONGESTION_AVOIDANCE,207041,75520,206500,0.046,0
6.597,CONGESTION_AVOIDANCE,207169,75520,206500,0.046,0
6.603,CONGESTION_AVOIDANCE,207169,75520,206500,0.046,0
6.610,CONGESTION_AVOIDANCE,207445,75520,181720,0.046,0
6.620,CONGESTION_AVOIDANCE,207746,75520,207680,0.046,0
6.635,CONGESTION_AVOIDANCE,208075,75520,178180,0.046,0
6.646,CONGESTION_AVOIDANCE,208249,75520,207680,0.046,0
6.652,CONGESTION_AVOIDANCE,208429,75520,207680,0.046,0
6.666,CONGESTION_AVOIDANCE,208810,75520,173460,0.046,0
6.678,CONGESTION_AVOIDANCE,208810,75520,207680,0.046,0
6.685,CONGESTION_AVOIDANCE,209010,75520,208860,0.047,0
6.690,CONGESTION_AVOIDANCE,209010,75520,208860,0.047,0
6.697,CONGESTION_AVOIDANCE,209210,75520,208860,0.048,0
6.705,CONGESTION_AVOIDANCE,209409,75520,208860,0.049,0
6.715,CONGESTION_AVOIDANCE,209808,75520,208860,0.048,0
6.722,CONGESTION_AVOIDANCE,209808,75520,208860,0.048,0
6.730,CONGESTION_AVOIDANCE,210007,75520,208860,0.048,0
6.737,CONGESTION_AVOIDANCE,210206,75520,173460,0.047,0
6.748,CONGESTION_AVOIDANCE,210405,75520,210040,0.047,0
6.754,CONGESTION_AVOIDANCE,210405,75520,210040,0.047,0
6.763,CONGESTION_AVOIDANCE,210802,75520,210040,0.046,0
6.768,CONGESTION_AVOIDANCE,210802,75520,210040,0.046,0
6.776,CONGESTION_AVOIDANCE,211000,75520,210040,0.046,0
6.784,CONGESTION_AVOIDANCE,211198,75520,210040,0.046,0
6.795,CONGESTION_AVOIDANCE,211396,75520,211220,0.045,0
6.801,CONGESTION_AVOIDANCE,211593,75520,175820,0.045,0
6.811,CONGESTION_AVOIDANCE,211791,75520,211220,0.046,0
6.819,CONGESTION_AVOIDANCE,211988,75520,211220,0.046,0
6.827,CONGESTION_AVOIDANCE,212185,75520,211220,0.045,0
6.835,CONGESTION_AVOIDANCE,212382,75520,211220,0.045,0
6.842,CONGESTION_AVOIDANCE,212382,75520,211220,0.045,0
6.848,CONGESTION_AVOIDANCE,212579,75520,175820,0.045,0
6.855,CONGESTION_AVOIDANCE,212579,75520,212400,0.045,0
6.875,CONGESTION_AVOIDANCE,212971,75520,177000,0.047,0
6.883,CONGESTION_AVOIDANCE,213363,75520,212400,0.048,0
6.889,CONGESTION_AVOIDANCE,213363,75520,212400,0.048,0
6.897,CONGESTION_AVOIDANCE,213363,75520,212400,0.048,0
6.904,CONGESTION_AVOIDANCE,213363,75520,212400,0.048,0
6.911,CONGESTION_AVOIDANCE,213559,75520,212400,0.049,0
6.919,CONGESTION_AVOIDANCE,213950,75520,178180,0.052,0
6.929,CONGESTION_AVOIDANCE,213950,75520,213580,0.052,0
6.936,CONGESTION_AVOIDANCE,214341,75520,178180,0.053,0
6.946,CONGESTION_AVOIDANCE,214535,75520,213580,0.054,0
6.952,CONGESTION_AVOIDANCE,214535,75520,213580,0.054,0
6.958,CONGESTION_AVOIDANCE,214535,75520,213580,0.054,0
6.963,CONGESTION_AVOIDANCE,214730,75520,178180,0.054,0
6.971,CONGESTION_AVOIDANCE,214925,75520,214760,0.054,0
6.990,CONGESTION_AVOIDANCE,215701,75520,108560,0.054,0
7.000,CONGESTION_AVOIDANCE,215701,75520,214760,0.054,0
7.007,CONGESTION_AVOIDANCE,215701,75520,214760,0.054,0
7.014,CONGESTION_AVOIDANCE,215701,75520,214760,0.054,0
7.021,CONGESTION_AVOIDANCE,215701,75520,214760,0.054,0
7.031,CONGESTION_AVOIDANCE,216088,75520,215940,0.055,0
7.038,CONGESTION_AVOIDANCE,216282,75520,215940,0.054,0
7.046,CONGESTION_AVOIDANCE,216475,75520,215940,0.054,0
7.053,CONGESTION_AVOIDANCE,216860,75520,215940,0.054,0
7.060,CONGESTION_AVOIDANCE,216860,75520,215940,0.054,0
7.072,CONGESTION_AVOIDANCE,217066,75520,188800,0.049,0
7.095,CONGESTION_AVOIDANCE,217514,75520,217120,0.049,0
7.105,CONGESTION_AVOIDANCE,217700,75520,217120,0.050,0
7.113,CONGESTION_AVOIDANCE,218026,75520,195880,0.053,0
7.122,CONGESTION_AVOIDANCE,218147,75520,217120,0.052,0
7.132,CONGESTION_AVOIDANCE,218409,75520,218300,0.050,0
7.139,CONGESTION_AVOIDANCE,218549,75520,218300,0.049,0
7.146,CONGESTION_AVOIDANCE,218696,75520,218300,0.048,0
7.153,CONGESTION_AVOIDANCE,218849,75520,218300,0.048,0
7.162,CONGESTION_AVOIDANCE,219173,75520,218300,0.047,0
7.168,CONGESTION_AVOIDANCE,219345,75520,218300,0.046,0
7.174,CONGESTION_AVOIDANCE,219522,75520,185260,0.046,0
7.181,CONGESTION_AVOIDANCE,219522,75520,219480,0.046,0
7.188,CONGESTION_AVOIDANCE,219706,75520,219480,0.046,0
7.195,CONGESTION_AVOIDANCE,219896,75520,219480,0.046,0
7.205,CONGESTION_AVOIDANCE,220276,75520,184080,0.045,0
7.218,CONGESTION_AVOIDANCE,220466,75520,219480,0.045,0
7.226,CONGESTION_AVOIDANCE,220655,75520,219480,0.045,0
7.234,CONGESTION_AVOIDANCE,220845,75520,220660,0.045,0
7.240,CONGESTION_AVOIDANCE,220845,75520,220660,0.045,0
7.246,CONGESTION_AVOIDANCE,221034,75520,185260,0.046,0
7.255,CONGESTION_AVOIDANCE,221223,75520,220660,0.046,0
7.263,CONGESTION_AVOIDANCE,221411,75520,220660,0.047,0
7.282,CONGESTION_AVOIDANCE,221977,75520,221840,0.046,0
7.288,CONGESTION_AVOIDANCE,221977,75520,221840,0.046,0
7.296,CONGESTION_AVOIDANCE,222165,75520,221840,0.046,0
7.308,CONGESTION_AVOIDANCE,222541,75520,221840,0.046,0
7.318,CONGESTION_AVOIDANCE,222916,75520,186440,0.045,0
7.328,CONGESTION_AVOIDANCE,223104,75520,223020,0.045,0
7.334,CONGESTION_AVOIDANCE,223104,75520,223020,0.045,0
7.342,CONGESTION_AVOIDANCE,223291,75520,223020,0.045,0
7.349,CONGESTION_AVOIDANCE,223291,75520,223020,0.045,0
7.357,CONGESTION_AVOIDANCE,223478,75520,187620,0.046,0
7.370,CONGESTION_AVOIDANCE,224038,75520,187620,0.048,0
7.379,CONGESTION_AVOIDANCE,224225,75520,187620,0.048,0
7.389,CONGESTION_AVOIDANCE,224411,75520,224200,0.048,0
7.402,CONGESTION_AVOIDANCE,224411,75520,224200,0.048,0
7.414,CONGESTION_AVOIDANCE,224597,75520,224200,0.048,0
7.423,CONGESTION_AVOIDANCE,224783,75520,224200,0.049,0
7.430,CONGESTION_AVOIDANCE,225155,75520,188800,0.051,0
7.438,CONGESTION_AVOIDANCE,225155,75520,224200,0.051,0
7.448,CONGESTION_AVOIDANCE,225526,75520,188800,0.053,0
7.456,CONGESTION_AVOIDANCE,225526,75520,225380,0.053,0
7.465,CONGESTION_AVOIDANCE,225797,75520,208860,0.051,0
7.481,CONGESTION_AVOIDANCE,226222,75520,212400,0.048,0
7.487,CONGESTION_AVOIDANCE,226376,75520,210040,0.048,0
7.494,CONGESTION_AVOIDANCE,226554,75520,225380,0.047,0
7.501,CONGESTION_AVOIDANCE,226757,75520,206500,0.046,0
7.515,CONGESTION_AVOIDANCE,227070,75520,208860,0.044,0
7.529,CONGESTION_AVOIDANCE,227420,75520,212400,0.044,0
7.538,CONGESTION_AVOIDANCE,227585,75520,226560,0.044,0
7.544,CONGESTION_AVOIDANCE,227677,75520,226560,0.044,0
7.555,CONGESTION_AVOIDANCE,227774,75520,227740,0.045,0
7.562,CONGESTION_AVOIDANCE,227878,75520,227740,0.046,0
7.569,CONGESTION_AVOIDANCE,228104,75520,227740,0.048,0
7.583,CONGESTIO7.299,CONGESTION_AVOIDANCE,173986,107380,7.599,CONGESTION_AVOIDANCE,228927,75520,228920,0.048,0
7.607,CONGESTION_AVOIDANCE,228927,75520,228920,0.048,0
7.613,CONGESTION_AVOIDANCE,229085,75520,228920,0.047,0
7.628,CONGESTION_AVOIDANCE,229596,75520,161660,0.048,0
7.640,CONGESTION_AVOIDANCE,229959,75520,193520,0.048,0
7.648,CONGESTION_AVOIDANCE,229959,75520,228920,0.048,0
7.656,CONGESTION_AVOIDANCE,229959,75520,228920,0.048,0
7.663,CONGESTION_AVOIDANCE,229959,75520,228920,0.048,0
7.681,CONGESTION_AVOIDANCE,230504,75520,194700,0.050,0
7.696,CONGESTION_AVOIDANCE,230685,75520,230100,0.051,0
7.703,CONGESTION_AVOIDANCE,230866,75520,230100,0.052,0
7.709,CONGESTION_AVOIDANCE,231047,75520,230100,0.053,0
7.716,CONGESTION_AVOIDANCE,231408,75520,194700,0.051,0
7.728,CONGESTION_AVOIDANCE,231408,75520,231280,0.051,0
7.737,CONGESTION_AVOIDANCE,231769,75520,195880,0.049,0
7.748,CONGESTION_AVOIDANCE,231950,75520,231280,0.049,0
7.763,CONGESTION_AVOIDANCE,232130,75520,231280,0.049,0
7.776,CONGESTION_AVOIDANCE,232489,75520,232460,0.049,0
7.783,CONGESTION_AVOIDANCE,232669,75520,232460,0.049,0
7.789,CONGESTION_AVOIDANCE,232669,75520,232460,0.049,0
7.795,CONGESTION_AVOIDANCE,232849,75520,197060,0.050,0
7.802,CONGESTION_AVOIDANCE,233028,75520,197060,0.051,0
7.812,CONGESTION_AVOIDANCE,233028,75520,232460,0.051,0
7.825,CONGESTION_AVOIDANCE,233601,75520,189980,0.051,0
7.837,CONGESTION_AVOIDANCE,233863,75520,223020,0.049,0
7.853,CONGESTION_AVOIDANCE,234137,75520,218300,0.048,0
7.859,CONGESTION_AVOIDANCE,234137,75520,233640,0.048,0
7.871,CONGESTION_AVOIDANCE,234630,75520,188800,0.046,0
7.889,CONGESTION_AVOIDANCE,235110,75520,205320,0.047,0
7.900,CONGESTION_AVOIDANCE,235282,75520,234820,0.046,0
7.908,CONGESTION_AVOIDANCE,235282,75520,234820,0.046,0
7.919,CONGESTION_AVOIDANCE,235584,75520,213580,0.046,0
7.942,CONGESTION_AVOIDANCE,236204,75520,236000,0.046,0
7.957,CONGESTION_AVOIDANCE,236345,75520,236000,0.046,0
7.968,CONGESTION_AVOIDANCE,236646,75520,205320,0.047,0
7.979,CONGESTION_AVOIDANCE,236969,75520,236000,0.047,0
7.987,CONGESTION_AVOIDANCE,236969,75520,236000,0.047,0
7.998,CONGESTION_AVOIDANCE,237316,75520,237180,0.049,0
8.007,CONGESTION_AVOIDANCE,237492,75520,237180,0.050,0
8.014,CONGESTION_AVOIDANCE,237668,75520,201780,0.050,0
8.027,CONGESTION_AVOIDANCE,237843,75520,237180,0.050,0
8.040,CONGESTION_AVOIDANCE,238195,75520,237180,0.049,0
8.050,CONGESTION_AVOIDANCE,238370,75520,238360,0.049,0
8.058,CONGESTION_AVOIDANCE,238545,75520,238360,0.049,0
8.064,CONGESTION_AVOIDANCE,238545,75520,238360,0.049,0
8.073,CONGESTION_AVOIDANCE,238720,75520,238360,0.050,0
8.090,CONGESTION_AVOIDANCE,239245,75520,238360,0.050,0
8.098,CONGESTION_AVOIDANCE,239419,75520,238360,0.050,0
8.105,CONGESTION_AVOIDANCE,239594,75520,239540,0.049,0
8.111,CONGESTION_AVOIDANCE,239594,75520,239540,0.049,0
8.116,CONGESTION_AVOIDANCE,239768,75520,204140,0.049,0
8.130,CONGESTION_AVOIDANCE,240117,75520,204140,0.049,0
8.140,CONGESTION_AVOIDANCE,240464,75520,204140,0.047,0
8.150,CONGESTION_AVOIDANCE,240464,75520,239540,0.047,0
8.156,CONGESTION_AVOIDANCE,240638,75520,239540,0.047,0
8.163,CONGESTION_AVOIDANCE,240638,75520,239540,0.047,0
8.170,CONGESTION_AVOIDANCE,240812,75520,240720,0.048,0
8.179,CONGESTION_AVOIDANCE,241158,75520,240720,0.047,0
8.186,CONGESTION_AVOIDANCE,241332,75520,240720,0.047,0
8.193,CONGESTION_AVOIDANCE,241505,75520,240720,0.047,0
8.200,CONGESTION_AVOIDANCE,241678,75520,240720,0.047,0
8.206,CONGESTION_AVOIDANCE,241678,75520,240720,0.047,0
8.213,CONGESTION_AVOIDANCE,241851,75520,240720,0.047,0
8.221,CONGESTION_AVOIDANCE,242023,75520,241900,0.046,0
8.230,CONGESTION_AVOIDANCE,242368,75520,241900,0.046,0
8.244,CONGESTION_AVOIDANCE,242713,75520,206500,0.046,0
8.250,CONGESTION_AVOIDANCE,242713,75520,241900,0.046,0
8.256,CONGESTION_AVOIDANCE,242713,75520,241900,0.046,0
8.263,CONGESTION_AVOIDANCE,242885,75520,241900,0.046,0
8.276,CONGESTION_AVOIDANCE,243229,75520,243080,0.046,0
8.287,CONGESTION_AVOIDANCE,243572,75520,172280,0.047,0
8.298,CONGESTION_AVOIDANCE,243744,75520,243080,0.048,0
8.307,CONGESTION_AVOIDANCE,243744,75520,243080,0.048,0
8.315,CONGESTION_AVOIDANCE,243915,75520,243080,0.048,0
8.325,CONGESTION_AVOIDANCE,244257,75520,243080,0.048,0
8.334,CONGESTION_AVOIDANCE,244429,75520,244260,0.047,0
8.340,CONGESTION_AVOIDANCE,244599,75520,244260,0.047,0
8.349,CONGESTION_AVOIDANCE,244770,75520,244260,0.047,0
8.360,CONGESTION_AVOIDANCE,244941,75520,244260,0.047,0
8.373,CONGESTION_AVOIDANCE,245282,75520,244260,0.046,0
8.380,CONGESTION_AVOIDANCE,245452,75520,245440,0.046,0
8.386,CONGESTION_AVOIDANCE,245452,75520,245440,0.046,0
8.397,CONGESTION_AVOIDANCE,245792,75520,245440,0.046,0
8.405,CONGESTION_AVOIDANCE,245962,75520,245440,0.047,0
8.417,CONGESTION_AVOIDANCE,246132,75520,245440,0.047,0
8.427,CONGESTION_AVOIDANCE,246471,75520,245440,0.048,0
8.435,CONGESTION_AVOIDANCE,246471,75520,245440,0.048,0
8.441,CONGESTION_AVOIDANCE,246471,75520,245440,0.048,0
8.451,CONGESTION_AVOIDANCE,246810,75520,246620,0.049,0
8.460,CONGESTION_AVOIDANCE,246980,75520,246620,0.050,0
8.468,CONGESTION_AVOIDANCE,247149,75520,246620,0.049,0
8.477,CONGESTION_AVOIDANCE,247487,75520,246620,0.049,0
8.485,CONGESTION_AVOIDANCE,247487,75520,246620,0.049,0
8.493,CONGESTION_AVOIDANCE,247824,75520,247800,0.047,0
8.501,CONGESTION_AVOIDANCE,247993,75520,212400,0.047,0
8.518,CONGESTION_AVOIDANCE,248161,75520,247800,0.047,0
8.537,CONGESTION_AVOIDANCE,248666,75520,247800,0.048,0
8.542,CONGESTION_AVOIDANCE,248666,75520,247800,0.048,0
8.548,CONGESTION_AVOIDANCE,248666,75520,247800,0.048,0
8.555,CONGESTION_AVOIDANCE,248834,75520,212400,0.050,0
8.562,CONGESTION_AVOIDANCE,248834,75520,247800,0.050,0
8.568,CONGESTION_AVOIDANCE,248834,75520,247800,0.050,0
8.577,CONGESTION_AVOIDANCE,249002,75520,248980,0.054,0
8.584,CONGESTION_AVOIDANCE,249169,75520,248980,0.056,0
8.594,CONGESTION_AVOIDANCE,249504,75520,248980,0.059,0
8.602,CONGESTION_AVOIDANCE,250006,75520,213580,0.058,0
8.609,CONGESTION_AVOIDANCE,250006,75520,248980,0.058,0
8.615,CONGESTION_AVOIDANCE,250006,75520,248980,0.058,0
8.622,CONGESTION_AVOIDANCE,250006,75520,248980,0.058,0
8.639,CONGESTION_AVOIDANCE,250507,75520,250160,0.056,0
8.645,CONGESTION_AVOIDANCE,250674,75520,250160,0.055,0
8.654,CONGESTION_AVOIDANCE,251007,75520,214760,0.055,0
8.668,CONGESTION_AVOIDANCE,251174,75520,250160,0.055,0
8.676,CONGESTION_AVOIDANCE,251174,75520,250160,0.055,0
8.687,CONGESTION_AVOIDANCE,251506,75520,251340,0.052,0
8.698,CONGESTION_AVOIDANCE,251838,75520,251340,0.052,0
8.705,CONGESTION_AVOIDANCE,252004,75520,251340,0.052,0
8.714,CONGESTION_AVOIDANCE,252335,75520,251340,0.051,0
8.719,CONGESTION_AVOIDANCE,252335,75520,251340,0.051,0
8.730,CONGESTION_AVOIDANCE,252639,75520,220660,0.045,0
8.744,CONGESTION_AVOIDANCE,252942,75520,252520,0.045,0
8.755,CONGESTION_AVOIDANCE,253189,75520,252520,0.044,0
8.767,CONGESTION_AVOIDANCE,253486,75520,252520,0.045,0
8.775,CONGESTION_AVOIDANCE,253711,75520,227740,0.046,0
8.782,CONGESTION_AVOIDANCE,253832,75520,227740,0.046,0
8.789,CONGESTION_AVOIDANCE,253832,75520,253700,0.046,0
8.798,CONGESTION_AVOIDANCE,254090,75520,253700,0.047,0
8.808,CONGESTION_AVOIDANCE,254369,75520,193520,0.049,0
8.823,CONGESTION_AVOIDANCE,254670,75520,220660,0.049,0
8.851,CONGESTION_AVOIDANCE,255157,75520,254880,0.050,0
8.857,CONGESTION_AVOIDANCE,255157,75520,254880,0.050,0
8.862,CONGESTION_AVOIDANCE,255157,75520,254880,0.050,0
8.869,CONGESTION_AVOIDANCE,255320,75520,219480,0.051,0
8.881,CONGESTION_AVOIDANCE,255604,75520,245440,0.061,0
8.899,CONGESTION_AVOIDANCE,256240,75520,236000,0.056,0
8.909,CONGESTION_AVOIDANCE,256240,75520,256060,0.056,0
8.920,CONGESTION_AVOIDANCE,256550,75520,232460,0.052,0
8.935,CONGESTION_AVOIDANCE,256789,75520,256060,0.049,0
8.941,CONGESTION_AVOIDANCE,256789,75520,256060,0.049,0
8.948,CONGESTION_AVOIDANCE,257060,75520,241900,0.052,0
8.956,CONGESTION_AVOIDANCE,257206,75520,256060,0.053,0
8.970,CONGESTION_AVOIDANCE,257374,75520,257240,0.055,0
8.979,CONGESTION_AVOIDANCE,257466,75520,257240,0.056,0
8.994,CONGESTION_AVOIDANCE,258130,75520,257240,0.054,0
9.002,CONGESTION_AVOIDANCE,258260,75520,228920,0.053,0
9.016,CONGESTION_AVOIDAN8.547,CONGESTION_AVOIDANCE,109649.026,CONGESTION_AVOIDANCE,258637,75520,258420,0.047,0
9.035,CONGESTION_AVOIDANCE,258981,75520,223020,0.047,0
9.057,CONGESTION_AVOIDANCE,259610,75520,238360,0.047,0
9.069,CONGESTION_AVOIDANCE,259706,75520,259600,0.047,0
9.078,CONGESTION_AVOIDANCE,259915,75520,259600,0.046,0
9.086,CONGESTION_AVOIDANCE,260145,75520,259600,0.046,0
9.096,CONGESTION_AVOIDANCE,260333,75520,251340,0.047,0
9.109,CONGESTION_AVOIDANCE,260840,75520,243080,0.048,0
9.118,CONGESTION_AVOIDANCE,261006,75520,241900,0.047,0
9.126,CONGESTION_AVOIDANCE,261193,75520,219480,0.046,0
9.133,CONGESTION_AVOIDANCE,261294,75520,260780,0.047,0
9.142,CONGESTION_AVOIDANCE,261566,75520,246620,0.044,0
9.154,CONGESTION_AVOIDANCE,261794,75520,260780,0.043,0
9.169,CONGESTION_AVOIDANCE,262209,75520,247800,0.044,0
9.193,CONGESTION_AVOIDANCE,262909,75520,238360,0.044,0
9.212,CONGESTION_AVOIDANCE,263258,75520,234820,0.043,0
9.233,CONGESTION_AVOIDANCE,263655,75520,232460,0.044,0
9.255,CONGESTION_AVOIDANCE,264098,75520,263140,0.044,0
9.263,CONGESTION_AVOIDANCE,264256,75520,263140,0.045,0
9.271,CONGESTION_AVOIDANCE,264415,75520,264320,0.045,0
9.280,CONGESTION_AVOIDANCE,264730,75520,228920,0.045,0
9.297,CONGESTION_AVOIDANCE,265203,75520,264320,0.045,0
9.303,CONGESTION_AVOIDANCE,265203,75520,264320,0.045,0
9.312,CONGESTION_AVOIDANCE,265361,75520,264320,0.045,0
9.321,CONGESTION_AVOIDANCE,265676,75520,230100,0.046,0
9.331,CONGESTION_AVOIDANCE,265833,75520,265500,0.045,0
9.338,CONGESTION_AVOIDANCE,265990,75520,265500,0.045,0
9.345,CONGESTION_AVOIDANCE,266147,75520,265500,0.046,0
9.355,CONGESTION_AVOIDANCE,266461,75520,230100,0.046,0
9.362,CONGESTION_AVOIDANCE,266618,75520,230100,0.046,0
9.370,CONGESTION_AVOIDANCE,266774,75520,266680,0.046,0
9.378,CONGESTION_AVOIDANCE,266931,75520,266680,0.046,0
9.385,CONGESTION_AVOIDANCE,267087,75520,266680,0.046,0
9.392,CONGESTION_AVOIDANCE,267244,75520,266680,0.046,0
9.399,CONGESTION_AVOIDANCE,267400,75520,266680,0.046,0
9.408,CONGESTION_AVOIDANCE,267712,75520,266680,0.045,0
9.419,CONGESTION_AVOIDANCE,267869,75520,267860,0.045,0
9.445,CONGESTION_AVOIDANCE,268559,75520,221840,0.049,0
9.461,CONGESTION_AVOIDANCE,268808,75520,267860,0.048,0
9.475,CONGESTION_AVOIDANCE,269212,75520,244260,0.047,0
9.490,CONGESTION_AVOIDANCE,269444,75520,269040,0.047,0
9.497,CONGESTION_AVOIDANCE,269568,75520,269040,0.047,0
9.510,CONGESTION_AVOIDANCE,269971,75520,206500,0.049,0
9.539,CONGESTION_AVOIDANCE,270574,75520,234820,0.049,0
9.555,CONGESTION_AVOIDANCE,270728,75520,270220,0.049,0
9.564,CONGESTION_AVOIDANCE,270950,75520,270220,0.048,0
9.570,CONGESTION_AVOIDANCE,271047,75520,247800,0.052,0
9.580,CONGESTION_AVOIDANCE,271227,75520,259600,0.056,0
9.607,CONGESTION_AVOIDANCE,271878,75520,251340,0.055,0
9.622,CONGESTION_AVOIDANCE,272344,75520,234820,0.050,0
9.640,CONGESTION_AVOIDANCE,272722,75520,248980,0.047,0
9.646,CONGESTION_AVOIDANCE,272941,75520,246620,0.046,0
9.657,CONGESTION_AVOIDANCE,273059,75520,272580,0.046,0
9.665,CONGESTION_AVOIDANCE,273309,75520,243080,0.045,0
9.675,CONGESTION_AVOIDANCE,273579,75520,272580,0.045,0
9.684,CONGESTION_AVOIDANCE,273721,75520,272580,0.044,0
9.693,CONGESTION_AVOIDANCE,274021,75520,273760,0.044,0
9.699,CONGESTION_AVOIDANCE,274021,75520,273760,0.044,0
9.712,CONGESTION_AVOIDANCE,274326,75520,273760,0.044,0
9.719,CONGESTION_AVOIDANCE,274478,75520,273760,0.045,0
9.737,CONGESTION_AVOIDANCE,275026,75520,248980,0.047,0
9.744,CONGESTION_AVOIDANCE,275243,75520,264320,0.046,0
9.753,CONGESTION_AVOIDANCE,275471,75520,252520,0.046,0
9.761,CONGESTION_AVOIDANCE,275526,75520,274940,0.045,0
9.769,CONGESTION_AVOIDANCE,275799,75520,225380,0.046,0
9.786,CONGESTION_AVOIDANCE,276152,75520,252520,0.047,0
9.796,CONGESTION_AVOIDANCE,276324,75520,269040,0.050,0
9.823,CONGESTION_AVOIDANCE,276903,75520,276120,0.053,0
9.837,CONGESTION_AVOIDANCE,277174,75520,276120,0.052,0
9.849,CONGESTION_AVOIDANCE,277491,75520,277300,0.051,0
9.860,CONGESTION_AVOIDANCE,277491,75520,277300,0.051,0
9.870,CONGESTION_AVOIDANCE,277576,75520,277300,0.051,0
9.878,CONGESTION_AVOIDANCE,277731,75520,277300,0.056,0
9.896,CONGESTION_AVOIDANCE,278272,75520,258420,0.060,0
9.910,CONGESTION_AVOIDANCE,278527,75520,251340,0.065,0
9.918,CONGESTION_AVOIDANCE,278662,75520,278480,0.067,0
9.929,CONGESTION_AVOIDANCE,278987,75520,228920,0.058,0
9.958,CONGESTION_AVOIDANCE,279765,75520,251340,0.050,0
9.965,CONGESTION_AVOIDANCE,279765,75520,279660,0.050,0
9.980,CONGESTION_AVOIDANCE,280008,75520,279660,0.048,0
9.989,CONGESTION_AVOIDANCE,280272,75520,279660,0.047,0
10.002,CONGESTION_AVOIDANCE,280704,75520,279660,0.047,0
10.010,CONGESTION_AVOIDANCE,281002,75520,245440,0.046,0
10.021,CONGESTION_AVOIDANCE,281002,75520,280840,0.046,0
10.029,CONGESTION_AVOIDANCE,281358,75520,231280,0.045,0
10.043,CONGESTION_AVOIDANCE,281581,75520,267860,0.045,0
10.058,CONGESTION_AVOIDANCE,282011,75520,280840,0.047,0
10.066,CONGESTION_AVOIDANCE,282100,75520,282020,0.047,0
10.073,CONGESTION_AVOIDANCE,282396,75520,257240,0.046,0
10.089,CONGESTION_AVOIDANCE,282736,75520,282020,0.045,0
10.096,CONGESTION_AVOIDANCE,282859,75520,282020,0.045,0
10.103,CONGESTION_AVOIDANCE,282987,75520,282020,0.044,0
10.109,CONGESTION_AVOIDANCE,283257,75520,283200,0.045,0
10.115,CONGESTION_AVOIDANCE,283400,75520,248980,0.045,0
10.123,CONGESTION_AVOIDANCE,283400,75520,283200,0.045,0
10.131,CONGESTION_AVOIDANCE,283547,75520,283200,0.046,0
10.136,CONGESTION_AVOIDANCE,283695,75520,247800,0.047,0
10.144,CONGESTION_AVOIDANCE,283842,75520,283200,0.048,0
10.151,CONGESTION_AVOIDANCE,284283,75520,247800,0.047,0
10.172,CONGESTION_AVOIDANCE,284577,75520,284380,0.047,0
10.184,CONGESTION_AVOIDANCE,284724,75520,284380,0.047,0
10.198,CONGESTION_AVOIDANCE,285017,75520,284380,0.047,0
10.204,CONGESTION_AVOIDANCE,285017,75520,284380,0.047,0
10.214,CONGESTION_AVOIDANCE,285164,75520,284380,0.049,0
10.224,CONGESTION_AVOIDANCE,285310,75520,284380,0.051,0
10.230,CONGESTION_AVOIDANCE,285310,75520,284380,0.051,0
10.240,CONGESTION_AVOIDANCE,285895,75520,250160,0.058,0
10.247,CONGESTION_AVOIDANCE,285895,75520,273760,0.058,0
10.258,CONGESTION_AVOIDANCE,286041,75520,238360,0.059,0
10.265,CONGESTION_AVOIDANCE,286333,75520,167560,0.059,0
10.271,CONGESTION_AVOIDANCE,286474,75520,133340,0.053,0
10.279,CONGESTION_AVOIDANCE,286547,75520,115640,0.051,0
10.291,CONGESTION_AVOIDANCE,286814,75520,50740,0.054,0
10.302,CONGESTION_AVOIDANCE,286999,75520,5900,0.056,0
10.313,CONGESTION_AVOIDANCE,286999,75520,5900,0.056,0
10.323,CONGESTION_AVOIDANCE,286999,75520,5900,0.056,0
10.329,CONGESTION_AVOIDANCE,286999,75520,5900,0.056,0
10.337,CONGESTION_AVOIDANCE,286999,75520,5900,0.056,0
10.344,CONGESTION_AVOIDANCE,286999,75520,5900,0.056,0
10.351,CONGESTION_AVOIDANCE,286999,75520,5900,0.056,0
10.359,CONGESTION_AVOIDANCE,286999,75520,5900,0.056,0
10.366,CONGESTION_AVOIDANCE,286999,75520,5900,0.056,0
10.374,CONGESTION_AVOIDANCE,286999,75520,5900,0.056,0
10.382,CONGESTION_AVOIDANCE,286999,75520,5900,0.056,0
10.388,CONGESTION_AVOIDANCE,286999,75520,5900,0.056,0
10.394,CONGESTION_AVOIDANCE,286999,75520,5900,0.056,0
10.400,CONGESTION_AVOIDANCE,286999,75520,5900,0.056,0
10.406,CONGESTION_AVOIDANCE,286999,75520,5900,0.056,0
10.413,CONGESTION_AVOIDANCE,286999,75520,5900,0.056,0
10.422,CONGESTION_AVOIDANCE,286999,75520,5900,0.056,0
10.428,CONGESTION_AVOIDANCE,286999,75520,5900,0.056,0
10.434,CONGESTION_AVOIDANCE,286999,75520,5900,0.056,0
10.439,CONGESTION_AVOIDANCE,286999,75520,5900,0.056,0
10.445,SLOW_START,1180,200600,5900,0.056,0
10.452,SLOW_START,1180,200600,5900,0.056,0
10.464,SLOW_START,1180,200600,5900,0.056,0
10.475,SLOW_START,1180,200600,5900,0.056,0
10.484,SLOW_START,1180,200600,5900,0.056,0
0,0
9.661,CONGESTION_AVOIDANCE,130744,99120,102660,0.049,0
9.668,CONGESTION_AVOIDANCE,130744,99120,129800,0.049,0
9.679,CONGESTION_AVOIDANCE,130744,99120,129800,0.049,0
9.685,CONGESTION_AVOIDANCE,130999,99120,130980,0.048,0
9.691,CONGESTION_AVOIDANCE,130999,99120,130980,0.048,0
9.699,CONGESTION_AVOIDANCE,131265,99120,130980,0.047,0
9.706,CONGESTION_AVOIDANCE,131265,99120,130980,0.047,0
9.716,CONGESTION_AVOIDANCE,131827,99120,130980,0.048,0
9.722,CONGESTION_AVOIDANCE,131827,99120,130980,0.048,0
9.731,CONGESTION_AVOIDANCE,131827,99120,130980,0.048,0
9.740,CONGESTION_AVOIDANCE,132122,99120,130980,0.048,0
9.747,CONGESTION_AVOIDANCE,132428,99120,132160,0.048,0
9.758,CONGESTION_AVOIDANCE,132428,99120,132160,0.048,0
9.769,CONGESTION_AVOIDANCE,132743,99120,132160,0.048,0
9.777,CONGESTION_AVOIDANCE,132743,99120,132160,0.048,0
9.785,CONGESTION_AVOIDANCE,132743,99120,132160,0.048,0
9.796,CONGESTION_AVOIDANCE,133058,99120,132160,0.048,0
9.804,CONGESTION_AVOIDANCE,133372,99120,133340,0.049,0
9.810,CONGESTION_AVOIDANCE,133372,99120,133340,0.049,0
9.819,CONGESTION_AVOIDANCE,133685,99120,133340,0.049,0
9.830,CONGESTION_AVOIDANCE,133685,99120,133340,0.049,0
9.841,CONGESTION_AVOIDANCE,133998,99120,97940,0.049,0
9.851,CONGESTION_AVOIDANCE,134309,99120,133340,0.049,0
9.863,CONGESTION_AVOIDANCE,134309,99120,133340,0.049,0
9.873,CONGESTION_AVOIDANCE,134620,99120,134520,0.049,0
9.881,CONGESTION_AVOIDANCE,134620,99120,134520,0.049,0
9.887,CONGESTION_AVOIDANCE,134620,99120,134520,0.049,0
9.893,CONGESTION_AVOIDANCE,134620,99120,134520,0.049,0
9.900,CONGESTION_AVOIDANCE,134620,99120,134520,0.049,0
9.909,CONGESTION_AVOIDANCE,134931,99120,134520,0.051,0
9.918,CONGESTION_AVOIDANCE,135549,99120,99120,0.052,0
9.926,CONGESTION_AVOIDANCE,135549,99120,134520,0.052,0
9.933,CONGESTION_AVOIDANCE,135549,99120,134520,0.052,0
9.939,CONGESTION_AVOIDANCE,135549,99120,134520,0.052,0
9.946,CONGESTION_AVOIDANCE,135857,99120,99120,0.051,0
9.959,CONGESTION_AVOIDANCE,135857,99120,135700,0.051,0
9.966,CONGESTION_AVOIDANCE,136165,99120,135700,0.051,0
9.975,CONGESTION_AVOIDANCE,136472,99120,135700,0.051,0
9.982,CONGESTION_AVOIDANCE,136472,99120,135700,0.051,0
9.988,CONGESTION_AVOIDANCE,136472,99120,135700,0.051,0
9.993,CONGESTION_AVOIDANCE,136472,99120,135700,0.051,0
10.006,CONGESTION_AVOIDANCE,136778,99120,135700,0.050,0
10.025,CONGESTION_AVOIDANCE,137388,99120,136880,0.049,0
10.030,CONGESTION_AVOIDANCE,137388,99120,136880,0.049,0
10.036,CONGESTION_AVOIDANCE,137388,99120,136880,0.049,0
10.043,CONGESTION_AVOIDANCE,137388,99120,136880,0.049,0
10.052,CONGESTION_AVOIDANCE,137692,99120,136880,0.049,0
10.059,CONGESTION_AVOIDANCE,137995,99120,136880,0.048,0
10.065,CONGESTION_AVOIDANCE,138298,99120,138060,0.048,0
10.075,CONGESTION_AVOIDANCE,138298,99120,138060,0.048,0
10.080,CONGESTION_AVOIDANCE,138298,99120,138060,0.048,0
10.086,CONGESTION_AVOIDANCE,138298,99120,138060,0.048,0
10.096,CONGESTION_AVOIDANCE,138600,99120,138060,0.047,0
10.102,CONGESTION_AVOIDANCE,138901,99120,138060,0.047,0
10.108,CONGESTION_AVOIDANCE,138901,99120,138060,0.047,0
10.115,CONGESTION_AVOIDANCE,139202,99120,138060,0.047,0
10.121,CONGESTION_AVOIDANCE,139202,99120,138060,0.047,0
10.126,CONGESTION_AVOIDANCE,139202,99120,138060,0.047,0
10.133,CONGESTION_AVOIDANCE,139502,99120,102660,0.046,0
10.141,CONGESTION_AVOIDANCE,139502,99120,139240,0.046,0
10.149,CONGESTION_AVOIDANCE,139802,99120,139240,0.046,0
10.155,CONGESTION_AVOIDANCE,140100,99120,103840,0.046,0
10.170,CONGESTION_AVOIDANCE,140100,99120,139240,0.046,0
10.181,CONGESTION_AVOIDANCE,140399,99120,103840,0.046,0
10.189,CONGESTION_AVOIDANCE,140399,99120,139240,0.046,0
10.202,CONGESTION_AVOIDANCE,140696,99120,140420,0.046,0
10.209,CONGESTION_AVOIDANCE,140696,99120,140420,0.046,0
10.216,CONGESTION_AVOIDANCE,140696,99120,140420,0.046,0
10.225,CONGESTION_AVOIDANCE,140993,99120,140420,0.048,0
10.231,CONGESTION_AVOIDANCE,140993,99120,140420,0.048,0
10.237,CONGESTION_AVOIDANCE,140993,99120,140420,0.048,0
10.244,CONGESTION_AVOIDANCE,141289,99120,140420,0.050,0
10.253,CONGESTION_AVOIDANCE,141289,99120,140420,0.050,0
10.263,CONGESTION_AVOIDANCE,141585,99120,140420,0.051,0
10.270,CONGESTION_AVOIDANCE,141880,99120,105020,0.051,0
10.285,CONGESTION_AVOIDANCE,141880,99120,141600,0.051,0
10.294,CONGESTION_AVOIDANCE,141880,99120,141600,0.051,0
10.308,CONGESTION_AVOIDANCE,142468,99120,141600,0.051,0
10.322,CONGESTION_AVOIDANCE,143054,99120,106200,0.050,0
10.329,CONGESTION_AVOIDANCE,143054,99120,142780,0.050,0
10.336,CONGESTION_AVOIDANCE,143054,99120,142780,0.050,0
10.343,CONGESTION_AVOIDANCE,143054,99120,142780,0.050,0
10.349,CONGESTION_AVOIDANCE,143346,99120,142780,0.049,0
10.356,CONGESTION_AVOIDANCE,143637,99120,142780,0.049,0
10.365,CONGESTION_AVOIDANCE,143637,99120,142780,0.049,0
10.374,CONGESTION_AVOIDANCE,144218,99120,143960,0.049,0
10.381,CONGESTION_AVOIDANCE,144218,99120,143960,0.049,0
10.387,CONGESTION_AVOIDANCE,144218,99120,143960,0.049,0
10.393,CONGESTION_AVOIDANCE,144218,99120,143960,0.049,0
10.400,CONGESTION_AVOIDANCE,144797,99120,108560,0.049,0
10.409,CONGESTION_AVOIDANCE,144797,99120,143960,0.049,0
10.415,CONGESTION_AVOIDANCE,144797,99120,143960,0.049,0
10.425,CONGESTION_AVOIDANCE,145374,99120,108560,0.049,0
10.432,CONGESTION_AVOIDANCE,145374,99120,145140,0.049,0
10.439,CONGESTION_AVOIDANCE,145374,99120,145140,0.049,0
10.447,CONGESTION_AVOIDANCE,145661,99120,145140,0.048,0
10.466,CONGESTION_AVOIDANCE,145948,99120,145140,0.048,0
10.476,CONGESTION_AVOIDANCE,145948,99120,145140,0.048,0
10.491,CONGESTION_AVOIDANCE,146519,99120,146320,0.050,0
10.504,CONGESTION_AVOIDANCE,146805,99120,146320,0.051,0
10.514,CONGESTION_AVOIDANCE,147089,99120,146320,0.051,0
10.523,CONGESTION_AVOIDANCE,147089,99120,146320,0.051,0
10.529,CONGESTION_AVOIDANCE,147089,99120,146320,0.051,0
10.536,CONGESTION_AVOIDANCE,147373,99120,146320,0.051,0
10.545,CONGESTION_AVOIDANCE,147657,99120,147500,0.051,0
10.553,CONGESTION_AVOIDANCE,147939,99120,147500,0.051,0
10.564,CONGESTION_AVOIDANCE,148222,99120,147500,0.051,0
10.570,CONGESTION_AVOIDANCE,148222,99120,147500,0.051,0
10.578,CONGESTION_AVOIDANCE,148222,99120,147500,0.051,0
10.587,CONGESTION_AVOIDANCE,148504,99120,147500,0.050,0
10.593,CONGESTION_AVOIDANCE,148785,99120,112100,0.051,0
10.600,CONGESTION_AVOIDANCE,148785,99120,148680,0.051,0
10.607,CONGESTION_AVOIDANCE,149066,99120,148680,0.051,0
10.614,CONGESTION_AVOIDANCE,149346,99120,148680,0.050,0
10.621,CONGESTION_AVOIDANCE,149346,99120,148680,0.050,0
10.627,CONGESTION_AVOIDANCE,149346,99120,148680,0.050,0
10.643,CONGESTION_AVOIDANCE,149905,99120,113280,0.049,0
10.652,CONGESTION_AVOIDANCE,150183,99120,114460,0.049,0
10.664,CONGESTION_AVOIDANCE,150462,99120,149860,0.048,0
10.670,CONGESTION_AVOIDANCE,150462,99120,149860,0.048,0
10.678,CONGESTION_AVOIDANCE,150462,99120,149860,0.048,0
10.685,CONGESTION_AVOIDANCE,150739,99120,149860,0.048,0
10.693,CONGESTION_AVOIDANCE,150739,99120,149860,0.048,0
10.706,CONGESTION_AVOIDANCE,151293,99120,151040,0.048,0
10.716,CONGESTION_AVOIDANCE,151569,99120,151040,0.048,0
10.722,CONGESTION_AVOIDANCE,151569,99120,151040,0.048,0
10.729,CONGESTION_AVOIDANCE,151569,99120,151040,0.048,0
10.737,CONGESTION_AVOIDANCE,151845,99120,151040,0.048,0
10.748,CONGESTION_AVOIDANCE,152120,99120,151040,0.048,0
10.760,CONGESTION_AVOIDANCE,152668,99120,116820,0.049,0
10.779,CONGESTION_AVOIDANCE,152668,99120,152220,0.049,0
10.814,CONGESTION_AVOIDANCE,152942,99120,152220,0.049,0
10.833,CONGESTION_AVOIDANCE,153215,99120,152220,0.052,0
10.864,CONGESTION_AVOIDANCE,153760,99120,153400,0.060,0
10.878,CONGESTION_AVOIDANCE,154032,99120,153400,0.060,0
10.884,CONGESTION_AVOIDANCE,154303,99120,153400,0.060,0
10.891,CONGESTION_AVOIDANCE,154303,99120,153400,0.060,0
10.899,CONGESTION_AVOIDANCE,154574,99120,153400,0.058,0
10.909,CONGESTION_AVOIDANCE,154844,99120,154580,0.056,0
10.919,CONGESTION_AVOIDANCE,155114,99120,119180,0.055,0
10.931,CONGESTION_AVOIDANCE,155383,99120,154580,0.053,0
10.940,CONGESTION_AVOIDANCE,155383,99120,154580,0.053,0
10.947,CONGESTION_AVOIDANCE,155383,99120,154580,0.053,0
10.955,CONGESTION_AVOIDANCE,155920,99120,119180,0.052,0
10.962,CONGESTION_AVOIDANCE,155920,99120,155760,0.052,0
10.968,CONGESTION_AVOIDANCE,155920,99120,155760,0.052,0
10.979,CONGESTION_AVOIDANCE,156455,99120,155760,0.051,0
10.986,CONGESTION_AVOIDANCE,156455,99120,155760,0.051,0
10.993,CONGESTION_AVOIDANCE,156455,99120,155760,0.051,0
10.998,CONGESTION_AVOIDANCE,156722,99120,155760,0.050,0
11.006,CONGESTION_AVOIDANCE,156989,99120,156940,0.050,0
11.014,CONGESTION_AVOIDANCE,156989,99120,156940,0.050,0
11.021,CONGESTION_AVOIDANCE,157255,99120,156940,0.049,0
11.032,CONGESTION_AVOIDANCE,157521,99120,156940,0.048,0
11.038,CONGESTION_AVOIDANCE,157521,99120,156940,0.048,0
11.050,CONGESTION_AVOIDANCE,158051,99120,156940,0.047,0
11.055,CONGESTION_AVOIDANCE,158051,99120,156940,0.047,0
11.063,CONGESTION_AVOIDANCE,158051,99120,156940,0.047,0
11.071,CONGESTION_AVOIDANCE,158579,99120,158120,0.047,0
11.078,CONGESTION_AVOIDANCE,158579,99120,158120,0.047,0
11.084,CONGESTION_AVOIDANCE,158579,99120,158120,0.047,0
11.099,CONGESTION_AVOIDANCE,159105,99120,158120,0.047,0
11.109,CONGESTION_AVOIDANCE,159105,99120,158120,0.047,0
11.115,CONGESTION_AVOIDANCE,159105,99120,158120,0.047,0
11.123,CONGESTION_AVOIDANCE,159630,99120,123900,0.047,0
11.131,CONGESTION_AVOIDANCE,159630,99120,159300,0.047,0
11.139,CONGESTION_AVOIDANCE,159630,99120,159300,0.047,0
11.149,CONGESTION_AVOIDANCE,160153,99120,159300,0.048,0
11.155,CONGESTION_AVOIDANCE,160153,99120,159300,0.048,0
11.165,CONGESTION_AVOIDANCE,160414,99120,123900,0.048,0
11.175,CONGESTION_AVOIDANCE,160674,99120,160480,0.048,0
11.182,CONGESTION_AVOIDANCE,160674,99120,160480,0.048,0
11.190,CONGESTION_AVOIDANCE,160934,99120,160480,0.048,0
11.197,CONGESTION_AVOIDANCE,161193,99120,125080,0.049,0
11.204,CONGESTION_AVOIDANCE,161193,99120,160480,0.049,0
11.212,CONGESTION_AVOIDANCE,161193,99120,160480,0.049,0
11.226,CONGESTION_AVOIDANCE,161711,99120,161660,0.048,0
11.234,CONGESTION_AVOIDANCE,161711,99120,161660,0.048,0
11.245,CONGESTION_AVOIDANCE,162228,99120,126260,0.048,0
11.254,CONGESTION_AVOIDANCE,162228,99120,161660,0.048,0
11.263,CONGESTION_AVOIDANCE,162485,99120,126260,0.048,0
11.271,CONGESTION_AVOIDANCE,162485,99120,161660,0.048,0
11.278,CONGESTION_AVOIDANCE,162742,99120,161660,0.048,0
11.288,CONGESTION_AVOIDANCE,162742,99120,161660,0.048,0
11.296,CONGESTION_AVOIDANCE,163255,99120,127440,0.049,0
11.304,CONGESTION_AVOIDANCE,163255,99120,162840,0.049,0
11.310,CONGESTION_AVOIDANCE,163511,99120,162840,0.048,0
11.316,CONGESTION_AVOIDANCE,163511,99120,162840,0.048,0
11.323,CONGESTION_AVOIDANCE,163766,99120,162840,0.048,0
11.329,CONGESTION_AVOIDANCE,163766,99120,162840,0.048,0
11.339,CONGESTION_AVOIDANCE,164021,99120,164020,0.047,0
11.348,CONGESTION_AVOIDANCE,164276,99120,164020,0.047,0
11.359,CONGESTION_AVOIDANCE,164530,99120,164020,0.046,0
11.365,CONGESTION_AVOIDANCE,164530,99120,164020,0.046,0
11.376,CONGESTION_AVOIDANCE,164784,99120,164020,0.047,0
11.383,CONGESTION_AVOIDANCE,164784,99120,164020,0.047,0
11.392,CONGESTION_AVOIDANCE,165038,99120,164020,0.047,0
11.400,CONGESTION_AVOIDANCE,165291,99120,165200,0.047,0
11.409,CONGESTION_AVOIDANCE,165544,99120,165200,0.047,0
11.417,CONGESTION_AVOIDANCE,165544,99120,165200,0.047,0
11.425,CONGESTION_AVOIDANCE,165796,99120,165200,0.047,0
11.432,CONGESTION_AVOIDANCE,165796,99120,165200,0.047,0
11.440,CONGESTION_AVOIDANCE,166048,99120,165200,0.047,0
11.446,CONGESTION_AVOIDANCE,166551,99120,129800,0.046,0
11.456,CONGESTION_AVOIDANCE,166551,99120,166380,0.046,0
11.462,CONGESTION_AVOIDANCE,166801,99120,130980,0.046,0
11.470,CONGESTION_AVOIDANCE,166801,99120,166380,0.046,0
11.476,CONGESTION_AVOIDANCE,166801,99120,166380,0.046,0
11.484,CONGESTION_AVOIDANCE,166801,99120,166380,0.046,0
11.491,CONGESTION_AVOIDANCE,167552,99120,95580,0.046,0
11.502,CONGESTION_AVOIDANCE,167552,99120,166380,0.046,0
11.510,CONGESTION_AVOIDANCE,167801,99120,167560,0.046,0
11.516,CONGESTION_AVOIDANCE,167801,99120,167560,0.046,0
11.522,CONGESTION_AVOIDANCE,167801,99120,167560,0.046,0
11.529,CONGESTION_AVOIDANCE,167801,99120,167560,0.046,0
11.536,CONGESTION_AVOIDANCE,168050,99120,167560,0.046,0
11.543,CONGESTION_AVOIDANCE,168547,99120,167560,0.046,0
11.551,CONGESTION_AVOIDANCE,168547,99120,167560,0.046,0
11.558,CONGESTION_AVOIDANCE,168794,99120,168740,0.046,0
11.563,CONGESTION_AVOIDANCE,168794,99120,168740,0.046,0
11.570,CONGESTION_AVOIDANCE,168794,99120,168740,0.046,0
11.580,CONGESTION_AVOIDANCE,169042,99120,168740,0.046,0
11.589,CONGESTION_AVOIDANCE,169536,99120,168740,0.045,0
11.597,CONGESTION_AVOIDANCE,169536,99120,168740,0.045,0
11.604,CONGESTION_AVOIDANCE,169782,99120,168740,0.046,0
11.613,CONGESTION_AVOIDANCE,169782,99120,168740,0.046,0
11.622,CONGESTION_AVOIDANCE,169782,99120,168740,0.046,0
11.633,CONGESTION_AVOIDANCE,170274,99120,169920,0.046,0
11.642,CONGESTION_AVOIDANCE,170519,99120,169920,0.046,0
11.652,CONGESTION_AVOIDANCE,170764,99120,169920,0.046,0
11.662,CONGESTION_AVOIDANCE,170764,99120,169920,0.046,0
11.670,CONGESTION_AVOIDANCE,171009,99120,134520,0.046,0
11.685,CONGESTION_AVOIDANCE,171253,99120,171100,0.046,0
11.691,CONGESTION_AVOIDANCE,171741,99120,135700,0.046,0
11.698,CONGESTION_AVOIDANCE,171741,99120,171100,0.046,0
11.705,CONGESTION_AVOIDANCE,171741,99120,171100,0.046,0
11.714,CONGESTION_AVOIDANCE,171741,99120,171100,0.046,0
11.724,CONGESTION_AVOIDANCE,171984,99120,171100,0.046,0
11.736,CONGESTION_AVOIDANCE,172227,99120,171100,0.046,0
11.747,CONGESTION_AVOIDANCE,172711,99120,136880,0.048,0
11.755,CONGESTION_AVOIDANCE,172711,99120,172280,0.048,0
11.761,CONGESTION_AVOIDANCE,172711,99120,172280,0.048,0
11.770,CONGESTION_AVOIDANCE,172953,99120,172280,0.048,0
11.778,CONGESTION_AVOIDANCE,173195,99120,136880,0.048,0
11.784,CONGESTION_AVOIDANCE,173195,99120,172280,0.048,0
11.795,CONGESTION_AVOIDANCE,173677,99120,173460,0.047,0
11.801,CONGESTION_AVOIDANCE,173677,99120,173460,0.047,0
11.807,CONGESTION_AVOIDANCE,173677,99120,173460,0.047,0
11.814,CONGESTION_AVOIDANCE,173917,99120,173460,0.046,0
11.834,CONGESTION_AVOIDANCE,174158,99120,138060,0.047,0
11.845,CONGESTION_AVOIDANCE,174637,99120,173460,0.048,0
11.852,CONGESTION_AVOIDANCE,174637,99120,173460,0.048,0
11.859,CONGESTION_AVOIDANCE,174637,99120,173460,0.048,0
11.866,CONGESTION_AVOIDANCE,174876,99120,174640,0.048,0
11.872,CONGESTION_AVOIDANCE,174876,99120,174640,0.048,0
11.878,CONGESTION_AVOIDANCE,175115,99120,139240,0.047,0
11.887,CONGESTION_AVOIDANCE,175354,99120,174640,0.047,0
11.895,CONGESTION_AVOIDANCE,175592,99120,174640,0.047,0
11.903,CONGESTION_AVOIDANCE,175592,99120,174640,0.047,0
11.910,CONGESTION_AVOIDANCE,175830,99120,175820,0.047,0
11.919,CONGESTION_AVOIDANCE,175830,99120,175820,0.047,0
11.928,CONGESTION_AVOIDANCE,176067,99120,175820,0.047,0
11.937,CONGESTION_AVOIDANCE,176541,99120,175820,0.046,0
11.947,CONGESTION_AVOIDANCE,176541,99120,175820,0.046,0
11.957,CONGESTION_AVOIDANCE,176778,99120,175820,0.046,0
11.963,CONGESTION_AVOIDANCE,176778,99120,175820,0.046,0
11.969,CONGESTION_AVOIDANCE,177014,99120,140420,0.045,0
11.977,CONGESTION_AVOIDANCE,177014,99120,177000,0.045,0
11.984,CONGESTION_AVOIDANCE,177486,99120,141600,0.046,0
11.992,CONGESTION_AVOIDANCE,177486,99120,177000,0.046,0
11.999,CONGESTION_AVOIDANCE,177721,99120,177000,0.045,0
12.005,CONGESTION_AVOIDANCE,177721,99120,177000,0.045,0
12.011,CONGESTION_AVOIDANCE,177956,99120,141600,0.045,0
12.019,CONGESTION_AVOIDANCE,178191,99120,178180,0.045,0
12.028,CONGESTION_AVOIDANCE,178589,99120,149860,0.044,0
12.038,CONGESTION_AVOIDANCE,178589,99120,178180,0.044,0
12.048,CONGESTION_AVOIDANCE,178846,99120,178180,0.044,0
12.058,CONGESTION_AVOIDANCE,178846,99120,178180,0.044,0
12.073,CONGESTION_AVOIDANCE,179429,99120,179360,0.046,0
12.084,CONGESTION_AVOIDANCE,179717,99120,179360,0.046,0
12.093,CONGESTION_AVOIDANCE,179871,99120,179360,0.046,0
12.099,CONGESTION_AVOIDANCE,179871,99120,179360,0.046,0
12.105,CONGESTION_AVOIDANCE,179871,99120,179360,0.046,0
12.113,CONGESTION_AVOIDANCE,180204,99120,179360,0.047,0
12.122,CONGESTION_AVOIDANCE,180567,99120,151040,0.048,0
12.131,CONGESTION_AVOIDANCE,180760,99120,180540,0.048,0
12.137,CONGESTION_AVOIDANCE,180960,99120,180540,0.048,0
12.144,CONGESTION_AVOIDANCE,180960,99120,180540,0.048,0
12.149,CONGESTION_AVOIDANCE,180960,99120,180540,0.048,0
12.157,CONGESTION_AVOIDANCE,181168,99120,180540,0.047,0
12.164,CONGESTION_AVOIDANCE,181383,99120,180540,0.047,0
12.174,CONGESTION_AVOIDANCE,181836,99120,181720,0.046,0
12.182,CONGESTION_AVOIDANCE,181836,99120,181720,0.046,0
12.190,CONGESTION_AVOIDANCE,182066,99120,181720,0.046,0
12.195,CONGESTION_AVOIDANCE,182066,99120,181720,0.046,0
12.203,CONGESTION_AVOIDANCE,182066,99120,181720,0.046,0
12.214,CONGESTION_AVOIDANCE,182753,99120,146320,0.047,0
12.223,CONGESTION_AVOIDANCE,182982,99120,182900,0.047,0
12.233,CONGESTION_AVOIDANCE,182982,99120,182900,0.047,0
12.241,CONGESTION_AVOIDANCE,183210,99120,182900,0.047,0
12.247,CONGESTION_AVOIDANCE,183210,99120,182900,0.047,0
12.254,CONGESTION_AVOIDANCE,183210,99120,182900,0.047,0
12.263,CONGESTION_AVOIDANCE,183438,99120,182900,0.048,0
12.280,CONGESTION_AVOIDANCE,184120,99120,184080,0.050,0
12.289,CONGESTION_AVOIDANCE,184120,99120,184080,0.050,0
12.297,CONGESTION_AVOIDANCE,184347,99120,184080,0.050,0
12.304,CONGESTION_AVOIDANCE,184347,99120,184080,0.050,0
12.314,CONGESTION_AVOIDANCE,184574,99120,184080,0.050,0
12.322,CONGESTION_AVOIDANCE,185026,99120,148680,0.050,0
12.330,CONGESTION_AVOIDANCE,185252,99120,184080,0.050,0
12.336,CONGESTION_AVOIDANCE,185252,99120,184080,0.050,0
12.343,CONGESTION_AVOIDANCE,185477,99120,185260,0.050,0
12.351,CONGESTION_AVOIDANCE,185477,99120,185260,0.050,0
12.360,CONGESTION_AVOIDANCE,185477,99120,185260,0.050,0
12.369,CONGESTION_AVOIDANCE,186152,99120,149860,0.048,0
12.378,CONGESTION_AVOIDANCE,186376,99120,185260,0.048,0
12.385,CONGESTION_AVOIDANCE,186376,99120,185260,0.048,0
12.392,CONGESTION_AVOIDANCE,186601,99120,186440,0.048,0
12.400,CONGESTION_AVOIDANCE,186601,99120,186440,0.048,0
12.406,CONGESTION_AVOIDANCE,186601,99120,186440,0.048,0
12.415,CONGESTION_AVOIDANCE,186824,99120,151040,0.048,0
12.424,CONGESTION_AVOIDANCE,187271,99120,186440,0.049,0
12.437,CONGESTION_AVOIDANCE,187494,99120,186440,0.050,0
12.444,CONGESTION_AVOIDANCE,187717,99120,187620,0.050,0
12.452,CONGESTION_AVOIDANCE,187717,99120,187620,0.050,0
12.458,CONGESTION_AVOIDANCE,187717,99120,187620,0.050,0
12.464,CONGESTION_AVOIDANCE,187717,99120,187620,0.050,0
12.473,CONGESTION_AVOIDANCE,188162,99120,152220,0.050,0
12.483,CONGESTION_AVOIDANCE,188606,99120,187620,0.051,0
12.492,CONGESTION_AVOIDANCE,188827,99120,188800,0.050,0
12.500,CONGESTION_AVOIDANCE,188827,99120,188800,0.050,0
12.507,CONGESTION_AVOIDANCE,188827,99120,188800,0.050,0
12.515,CONGESTION_AVOIDANCE,188827,99120,188800,0.050,0
12.523,CONGESTION_AVOIDANCE,189048,99120,188800,0.050,0
12.539,CONGESTION_AVOIDANCE,189490,99120,153400,0.051,0
12.552,CONGESTION_AVOIDANCE,189931,99120,153400,0.054,0
12.564,CONGESTION_AVOIDANCE,189931,99120,188800,0.054,0
12.572,CONGESTION_AVOIDANCE,190151,99120,189980,0.053,0
12.578,CONGESTION_AVOIDANCE,190151,99120,189980,0.053,0
12.585,CONGESTION_AVOIDANCE,190370,99120,189980,0.052,0
12.597,CONGESTION_AVOIDANCE,190809,99120,189980,0.051,0
12.608,CONGESTION_AVOIDANCE,191028,99120,189980,0.050,0
12.613,CONGESTION_AVOIDANCE,191028,99120,189980,0.050,0
12.621,CONGESTION_AVOIDANCE,191246,99120,191160,0.050,0
12.628,CONGESTION_AVOIDANCE,191465,99120,155760,0.049,0
12.635,CONGESTION_AVOIDANCE,191465,99120,191160,0.049,0
12.656,CONGESTION_AVOIDANCE,192119,99120,191160,0.048,0
12.666,CONGESTION_AVOIDANCE,192336,99120,155760,0.048,0
12.681,CONGESTION_AVOIDANCE,192553,99120,192340,0.048,0
12.687,CONGESTION_AVOIDANCE,192553,99120,192340,0.048,0
12.695,CONGESTION_AVOIDANCE,192770,99120,192340,0.048,0
12.709,CONGESTION_AVOIDANCE,193203,99120,156940,0.048,0
12.732,CONGESTION_AVOIDANCE,193636,99120,193520,0.047,0
12.738,CONGESTION_AVOIDANCE,193851,99120,158120,0.047,0
12.749,CONGESTION_AVOIDANCE,194067,99120,158120,0.047,0
12.757,CONGESTION_AVOIDANCE,194067,99120,193520,0.047,0
12.772,CONGESTION_AVOIDANCE,194282,99120,193520,0.046,0
12.782,CONGESTION_AVOIDANCE,194712,99120,194700,0.047,0
12.793,CONGESTION_AVOIDANCE,194926,99120,194700,0.047,0
12.802,CONGESTION_AVOIDANCE,195141,99120,194700,0.047,0
12.808,CONGESTION_AVOIDANCE,195141,99120,194700,0.047,0
12.816,CONGESTION_AVOIDANCE,195355,99120,194700,0.047,0
12.823,CONGESTION_AVOIDANCE,195568,99120,194700,0.047,0
12.833,CONGESTION_AVOIDANCE,195782,99120,194700,0.047,0
12.843,CONGESTION_AVOIDANCE,196209,99120,160480,0.047,0
12.852,CONGESTION_AVOIDANCE,196209,99120,195880,0.047,0
12.859,CONGESTION_AVOIDANCE,196421,99120,195880,0.046,0
12.866,CONGESTION_AVOIDANCE,196421,99120,195880,0.046,0
12.872,CONGESTION_AVOIDANCE,196634,99120,195880,0.047,0
12.881,CONGESTION_AVOIDANCE,197059,99120,160480,0.046,0
12.890,CONGESTION_AVOIDANCE,197271,99120,160480,0.046,0
12.898,CONGESTION_AVOIDANCE,197271,99120,197060,0.046,0
12.904,CONGESTION_AVOIDANCE,197482,99120,161660,0.046,0
12.914,CONGESTION_AVOIDANCE,197482,99120,197060,0.046,0
12.922,CONGESTION_AVOIDANCE,197694,99120,197060,0.046,0
12.930,CONGESTION_AVOIDANCE,198116,99120,197060,0.046,0
12.937,CONGESTION_AVOIDANCE,198327,99120,198240,0.046,0
12.944,CONGESTION_AVOIDANCE,198327,99120,198240,0.046,0
12.953,CONGESTION_AVOIDANCE,198538,99120,198240,0.046,0
12.961,CONGESTION_AVOIDANCE,198538,99120,198240,0.046,0
12.974,CONGESTION_AVOIDANCE,198958,99120,162840,0.046,0
12.988,CONGESTION_AVOIDANCE,199378,99120,198240,0.047,0
12.995,CONGESTION_AVOIDANCE,199378,99120,198240,0.047,0
13.001,CONGESTION_AVOIDANCE,199588,99120,162840,0.047,0
13.019,CONGESTION_AVOIDANCE,199797,99120,199420,0.047,0
13.025,CONGESTION_AVOIDANCE,200006,99120,199420,0.047,0
13.035,CONGESTION_AVOIDANCE,200423,99120,199420,0.047,0
13.043,CONGESTION_AVOIDANCE,200423,99120,199420,0.047,0
13.049,CONGESTION_AVOIDANCE,200423,99120,199420,0.047,0
13.058,CONGESTION_AVOIDANCE,200632,99120,200600,0.047,0
13.065,CONGESTION_AVOIDANCE,200840,99120,200600,0.047,0
13.075,CONGESTION_AVOIDANCE,201256,99120,165200,0.047,0
13.085,CONGESTION_AVOIDANCE,201463,99120,200600,0.046,0
13.091,CONGESTION_AVOIDANCE,201463,99120,200600,0.046,0
13.100,CONGESTION_AVOIDANCE,201671,99120,200600,0.046,0
13.107,CONGESTION_AVOIDANCE,201671,99120,200600,0.046,0
13.119,CONGESTION_AVOIDANCE,202085,99120,201780,0.045,0
13.135,CONGESTION_AVOIDANCE,202498,99120,201780,0.045,0
13.142,CONGESTION_AVOIDANCE,202498,99120,201780,0.045,0
13.155,CONGESTION_AVOIDANCE,202704,99120,201780,0.046,0
13.168,CONGESTION_AVOIDANCE,203116,99120,202960,0.045,0
13.178,CONGESTION_AVOIDANCE,203527,99120,202960,0.045,0
13.187,CONGESTION_AVOIDANCE,203527,99120,202960,0.045,0
13.200,CONGESTION_AVOIDANCE,203733,99120,202960,0.045,0
13.207,CONGESTION_AVOIDANCE,203938,99120,202960,0.045,0
13.215,CONGESTION_AVOIDANCE,204142,99120,204140,0.045,0
13.232,CONGESTION_AVOIDANCE,204551,99120,204140,0.046,0
13.240,CONGESTION_AVOIDANCE,204551,99120,204140,0.046,0
13.250,CONGESTION_AVOIDANCE,204756,99120,204140,0.046,0
13.263,CONGESTION_AVOIDANCE,205163,99120,204140,0.046,0
13.294,CONGESTION_AVOIDANCE,205570,99120,205320,0.046,0
13.317,CONGESTION_AVOIDANCE,205977,99120,205320,0.048,0
13.327,CONGESTION_AVOIDANCE,206179,99120,205320,0.049,0
13.354,CONGESTION_AVOIDANCE,206787,99120,171100,0.051,0
13.363,CONGESTION_AVOIDANCE,206787,99120,206500,0.051,0
13.371,CONGESTION_AVOIDANCE,206989,99120,171100,0.052,0
13.385,CONGESTION_AVOIDANCE,207191,99120,206500,0.052,0
13.407,CONGESTION_AVOIDANCE,207795,99120,207680,0.049,0
13.414,CONGESTION_AVOIDANCE,207996,99120,172280,0.049,0
13.423,CONGESTION_AVOIDANCE,208197,99120,174640,0.048,0
13.429,CONGESTION_AVOIDANCE,208197,99120,174640,0.048,0
13.436,CONGESTION_AVOIDANCE,208397,99120,139240,0.048,0
13.442,CONGESTION_AVOIDANCE,208397,99120,139240,0.048,0
13.452,CONGESTION_AVOIDANCE,208798,99120,68440,0.047,0
13.461,CONGESTION_AVOIDANCE,208998,99120,33040,0.046,0
13.487,CONGESTION_AVOIDANCE,208998,99120,33040,0.046,0
13.520,CONGESTION_AVOIDANCE,208998,99120,33040,0.046,0
13.534,CONGESTION_AVOIDANCE,208998,99120,33040,0.046,0
13.553,CONGESTION_AVOIDANCE,208998,99120,33040,0.046,0
13.561,CONGESTION_AVOIDANCE,208998,99120,33040,0.046,0
13.569,CONGESTION_AVOIDANCE,208998,99120,33040,0.046,0
13.578,CONGESTION_AVOIDANCE,208998,99120,33040,0.046,0
13.585,CONGESTION_AVOIDANCE,208998,99120,33040,0.046,0
13.594,CONGESTION_AVOIDANCE,208998,99120,33040,0.046,0
13.603,CONGESTION_AVOIDANCE,208998,99120,33040,0.046,0
13.613,CONGESTION_AVOIDANCE,208998,99120,33040,0.046,0
13.621,SLOW_START,1180,145140,33040,0.046,0
13.628,SLOW_START,1180,145140,33040,0.046,0
13.635,SLOW_START,1180,145140,33040,0.046,0
13.642,SLOW_START,1180,145140,33040,0.046,0
13.651,SLOW_START,1180,145140,33040,0.046,0
13.659,SLOW_START,34220,145140,0,0.070,0
